출발ID,출발지명,도착ID,도착지명,도보시간(분),거리(m)
P001,황리단길(출발지),P005,987피자,3,186
P001,황리단길(출발지),P006,료미,3,243
P001,황리단길(출발지),P007,백년손님,6,491
P001,황리단길(출발지),P008,백조식당,4,288
P001,황리단길(출발지),P009,줄리스,2,122
P001,황리단길(출발지),P010,포롱아밀 황남점,4,335
P001,황리단길(출발지),P011,화양연화,8,587
P001,황리단길(출발지),P012,료코,6,457
P001,황리단길(출발지),P013,황남두꺼비식당 황남본점,6,449
P001,황리단길(출발지),P014,피자옥,2,173
P001,황리단길(출발지),P015,범외양간 황리단길본점,1,60
P001,황리단길(출발지),P016,경주황소곱창 황리단길본점,3,185
P001,황리단길(출발지),P017,메종드문,5,392
P001,황리단길(출발지),P018,풍미갈비찜,5,389
P001,황리단길(출발지),P019,황남갈비,8,592
P001,황리단길(출발지),P020,타베르나,5,409
P001,황리단길(출발지),P021,소나무 황리단길본점,4,346
P001,황리단길(출발지),P022,오칼국수,6,486
P001,황리단길(출발지),P023,황남거북이,3,210
P001,황리단길(출발지),P024,그때그소간지,6,480
P001,황리단길(출발지),P025,짚불함박,1,110
P001,황리단길(출발지),P026,향밀,5,368
P001,황리단길(출발지),P027,체크인치즈 황리단길점,5,389
P001,황리단길(출발지),P028,황남역,3,216
P001,황리단길(출발지),P029,황남양옥,3,193
P001,황리단길(출발지),P030,대릉소반,10,715
P001,황리단길(출발지),P031,미포기사식당,1,81
P001,황리단길(출발지),P032,황리화덕가,5,344
P001,황리단길(출발지),P033,향택 경주,1,91
P001,황리단길(출발지),P034,무궁무진,3,245
P001,황리단길(출발지),P035,노키,4,311
P001,황리단길(출발지),P036,마카다,6,474
P001,황리단길(출발지),P037,황리단 치킨,2,148
P001,황리단길(출발지),P038,담요 따뜻한 손길,7,539
P001,황리단길(출발지),P039,스컹크웍스,4,274
P001,황리단길(출발지),P040,굿즈,6,442
P001,황리단길(출발지),P041,샬로우커피 황리단길점,2,129
P001,황리단길(출발지),P042,데어벤치,6,468
P001,황리단길(출발지),P043,스위피,6,506
P001,황리단길(출발지),P044,아르떼,6,481
P001,황리단길(출발지),P045,키도트,3,231
P001,황리단길(출발지),P046,후프후프,4,351
P001,황리단길(출발지),P047,올리브,1,83
P001,황리단길(출발지),P048,양지다방,1,76
P001,황리단길(출발지),P049,미실카페,2,147
P001,황리단길(출발지),P050,햇오프커피,2,168
P001,황리단길(출발지),P051,비화커피,3,269
P001,황리단길(출발지),P052,오버랩,10,686
P001,황리단길(출발지),P053,주돈,9,630
P001,황리단길(출발지),P054,서울뒷고기막창,10,747
P001,황리단길(출발지),P055,옐라,12,881
P001,황리단길(출발지),P056,대호당,13,962
P001,황리단길(출발지),P057,사계돈,12,896
P001,황리단길(출발지),P058,황오바오,11,844
P001,황리단길(출발지),P059,시간의 여백,10,740
P001,황리단길(출발지),P060,리커피하우스,8,597
P001,황리단길(출발지),P061,로라커피,18,1339
P001,황리단길(출발지),P062,소담루,15,1105
P001,황리단길(출발지),P063,위주,14,1044
P001,황리단길(출발지),P064,크루그,12,885
P001,황리단길(출발지),P065,나봉상점 경주점,13,950
P001,황리단길(출발지),P066,연화,19,1328
P001,황리단길(출발지),P067,yesterday,29,1800
P001,황리단길(출발지),P068,진수성찬,15,1153
P001,황리단길(출발지),P069,베이글베이글러,11,860
P001,황리단길(출발지),P070,경주 핑크뮬리(경주 핑크뮬리 군락지),16,1254
P001,황리단길(출발지),P071,경주 교촌마을,15,1139
P001,황리단길(출발지),P072,경주 황리단길,0,0
P001,황리단길(출발지),P073,경주 계림,18,1343
P001,황리단길(출발지),P074,월정교,19,1456
P001,황리단길(출발지),P075,경주읍성,19,1386
P001,황리단길(출발지),P076,경주 첨성대,14,1079
P002,금리단길(출발지),P005,987피자,13,909
P002,금리단길(출발지),P006,료미,14,1022
P002,금리단길(출발지),P007,백년손님,17,1270
P002,금리단길(출발지),P008,백조식당,14,1068
P002,금리단길(출발지),P009,줄리스,11,775
P002,금리단길(출발지),P010,포롱아밀 황남점,15,1114
P002,금리단길(출발지),P011,화양연화,16,1264
P002,금리단길(출발지),P012,료코,16,1170
P002,금리단길(출발지),P013,황남두꺼비식당 황남본점,16,1229
P002,금리단길(출발지),P014,피자옥,13,931
P002,금리단길(출발지),P015,범외양간 황리단길본점,11,839
P002,금리단길(출발지),P016,경주황소곱창 황리단길본점,14,1018
P002,금리단길(출발지),P017,메종드문,16,1171
P002,금리단길(출발지),P018,풍미갈비찜,16,1168
P002,금리단길(출발지),P019,황남갈비,16,1291
P002,금리단길(출발지),P020,타베르나,16,1189
P002,금리단길(출발지),P021,소나무 황리단길본점,15,1125
P002,금리단길(출발지),P022,오칼국수,17,1266
P002,금리단길(출발지),P023,황남거북이,13,912
P002,금리단길(출발지),P024,그때그소간지,15,1147
P002,금리단길(출발지),P025,짚불함박,11,773
P002,금리단길(출발지),P026,향밀,15,1148
P002,금리단길(출발지),P027,체크인치즈 황리단길점,16,1168
P002,금리단길(출발지),P028,황남역,9,650
P002,금리단길(출발지),P029,황남양옥,13,952
P002,금리단길(출발지),P030,대릉소반,13,980
P002,금리단길(출발지),P031,미포기사식당,11,817
P002,금리단길(출발지),P032,황리화덕가,15,1124
P002,금리단길(출발지),P033,향택 경주,12,871
P002,금리단길(출발지),P034,무궁무진,14,1025
P002,금리단길(출발지),P035,노키,15,1091
P002,금리단길(출발지),P036,마카다,17,1254
P002,금리단길(출발지),P037,황리단 치킨,13,928
P002,금리단길(출발지),P038,담요 따뜻한 손길,18,1319
P002,금리단길(출발지),P039,스컹크웍스,14,1054
P002,금리단길(출발지),P040,굿즈,16,1221
P002,금리단길(출발지),P041,샬로우커피 황리단길점,12,908
P002,금리단길(출발지),P042,데어벤치,17,1248
P002,금리단길(출발지),P043,스위피,17,1285
P002,금리단길(출발지),P044,아르떼,17,1261
P002,금리단길(출발지),P045,키도트,9,666
P002,금리단길(출발지),P046,후프후프,10,688
P002,금리단길(출발지),P047,올리브,12,851
P002,금리단길(출발지),P048,양지다방,12,855
P002,금리단길(출발지),P049,미실카페,11,777
P002,금리단길(출발지),P050,햇오프커피,13,936
P002,금리단길(출발지),P051,비화커피,14,1048
P002,금리단길(출발지),P052,오버랩,14,967
P002,금리단길(출발지),P053,주돈,5,403
P002,금리단길(출발지),P054,서울뒷고기막창,12,883
P002,금리단길(출발지),P055,옐라,3,199
P002,금리단길(출발지),P056,대호당,2,195
P002,금리단길(출발지),P057,사계돈,3,233
P002,금리단길(출발지),P058,황오바오,3,224
P002,금리단길(출발지),P059,시간의 여백,6,443
P002,금리단길(출발지),P060,리커피하우스,4,324
P002,금리단길(출발지),P061,로라커피,7,525
P002,금리단길(출발지),P062,소담루,11,796
P002,금리단길(출발지),P063,위주,10,735
P002,금리단길(출발지),P064,크루그,8,575
P002,금리단길(출발지),P065,나봉상점 경주점,4,287
P002,금리단길(출발지),P066,연화,9,658
P002,금리단길(출발지),P067,yesterday,18,1100
P002,금리단길(출발지),P068,진수성찬,21,1650
P002,금리단길(출발지),P069,베이글베이글러,18,1429
P002,금리단길(출발지),P070,경주 핑크뮬리(경주 핑크뮬리 군락지),15,1145
P002,금리단길(출발지),P071,경주 교촌마을,21,1635
P002,금리단길(출발지),P072,경주 황리단길,11,814
P002,금리단길(출발지),P073,경주 계림,19,1448
P002,금리단길(출발지),P074,월정교,25,1952
P002,금리단길(출발지),P075,경주읍성,8,572
P002,금리단길(출발지),P076,경주 첨성대,15,1185
P003,첨성대(출발지),P005,987피자,11,822
P003,첨성대(출발지),P006,료미,13,1005
P003,첨성대(출발지),P007,백년손님,9,702
P003,첨성대(출발지),P008,백조식당,12,939
P003,첨성대(출발지),P009,줄리스,13,968
P003,첨성대(출발지),P010,포롱아밀 황남점,12,927
P003,첨성대(출발지),P011,화양연화,8,606
P003,첨성대(출발지),P012,료코,10,767
P003,첨성대(출발지),P013,황남두꺼비식당 황남본점,11,809
P003,첨성대(출발지),P014,피자옥,12,862
P003,첨성대(출발지),P015,범외양간 황리단길본점,14,1074
P003,첨성대(출발지),P016,경주황소곱창 황리단길본점,13,980
P003,첨성대(출발지),P017,메종드문,11,787
P003,첨성대(출발지),P018,풍미갈비찜,11,847
P003,첨성대(출발지),P019,황남갈비,8,634
P003,첨성대(출발지),P020,타베르나,11,818
P003,첨성대(출발지),P021,소나무 황리단길본점,12,913
P003,첨성대(출발지),P022,오칼국수,11,832
P003,첨성대(출발지),P023,황남거북이,11,798
P003,첨성대(출발지),P024,그때그소간지,9,652
P003,첨성대(출발지),P025,짚불함박,18,1469
P003,첨성대(출발지),P026,향밀,12,923
P003,첨성대(출발지),P027,체크인치즈 황리단길점,11,847
P003,첨성대(출발지),P028,황남역,17,1347
P003,첨성대(출발지),P029,황남양옥,12,879
P003,첨성대(출발지),P030,대릉소반,6,439
P003,첨성대(출발지),P031,미포기사식당,15,1112
P003,첨성대(출발지),P032,황리화덕가,15,1149
P003,첨성대(출발지),P033,향택 경주,14,1083
P003,첨성대(출발지),P034,무궁무진,14,1046
P003,첨성대(출발지),P035,노키,16,1195
P003,첨성대(출발지),P036,마카다,13,1030
P003,첨성대(출발지),P037,황리단 치킨,15,1104
P003,첨성대(출발지),P038,담요 따뜻한 손길,15,1140
P003,첨성대(출발지),P039,스컹크웍스,13,974
P003,첨성대(출발지),P040,굿즈,11,798
P003,첨성대(출발지),P041,샬로우커피 황리단길점,14,1014
P003,첨성대(출발지),P042,데어벤치,10,725
P003,첨성대(출발지),P043,스위피,10,721
P003,첨성대(출발지),P044,아르떼,10,748
P003,첨성대(출발지),P045,키도트,17,1362
P003,첨성대(출발지),P046,후프후프,18,1399
P003,첨성대(출발지),P047,올리브,15,1114
P003,첨성대(출발지),P048,양지다방,14,1073
P003,첨성대(출발지),P049,미실카페,18,1474
P003,첨성대(출발지),P050,햇오프커피,15,1152
P003,첨성대(출발지),P051,비화커피,16,1190
P003,첨성대(출발지),P052,오버랩,23,1714
P003,첨성대(출발지),P053,주돈,20,1547
P003,첨성대(출발지),P054,서울뒷고기막창,23,1784
P003,첨성대(출발지),P055,옐라,16,1215
P003,첨성대(출발지),P056,대호당,17,1297
P003,첨성대(출발지),P057,사계돈,16,1231
P003,첨성대(출발지),P058,황오바오,15,1178
P003,첨성대(출발지),P059,시간의 여백,21,1628
P003,첨성대(출발지),P060,리커피하우스,18,1419
P003,첨성대(출발지),P061,로라커피,22,1710
P003,첨성대(출발지),P062,소담루,26,1981
P003,첨성대(출발지),P063,위주,25,1920
P003,첨성대(출발지),P064,크루그,23,1760
P003,첨성대(출발지),P065,나봉상점 경주점,16,1148
P003,첨성대(출발지),P066,연화,17,1284
P003,첨성대(출발지),P067,yesterday,23,1400
P003,첨성대(출발지),P068,진수성찬,13,992
P003,첨성대(출발지),P069,베이글베이글러,10,772
P003,첨성대(출발지),P070,경주 핑크뮬리(경주 핑크뮬리 군락지),4,323
P003,첨성대(출발지),P071,경주 교촌마을,11,807
P003,첨성대(출발지),P072,경주 황리단길,14,1079
P003,첨성대(출발지),P073,경주 계림,4,285
P003,첨성대(출발지),P074,월정교,16,1173
P003,첨성대(출발지),P075,경주읍성,23,1757
P003,첨성대(출발지),P076,경주 첨성대,0,0
P004,교촌마을(출발지),P005,987피자,12,927
P004,교촌마을(출발지),P006,료미,12,951
P004,교촌마을(출발지),P007,백년손님,8,648
P004,교촌마을(출발지),P008,백조식당,11,885
P004,교촌마을(출발지),P009,줄리스,14,1078
P004,교촌마을(출발지),P010,포롱아밀 황남점,11,873
P004,교촌마을(출발지),P011,화양연화,8,618
P004,교촌마을(출발지),P012,료코,9,713
P004,교촌마을(출발지),P013,황남두꺼비식당 황남본점,10,755
P004,교촌마을(출발지),P014,피자옥,12,922
P004,교촌마을(출발지),P015,범외양간 황리단길본점,15,1134
P004,교촌마을(출발지),P016,경주황소곱창 황리단길본점,13,1039
P004,교촌마을(출발지),P017,메종드문,11,847
P004,교촌마을(출발지),P018,풍미갈비찜,10,793
P004,교촌마을(출발지),P019,황남갈비,8,622
P004,교촌마을(출발지),P020,타베르나,10,764
P004,교촌마을(출발지),P021,소나무 황리단길본점,11,858
P004,교촌마을(출발지),P022,오칼국수,9,731
P004,교촌마을(출발지),P023,황남거북이,12,903
P004,교촌마을(출발지),P024,그때그소간지,10,737
P004,교촌마을(출발지),P025,짚불함박,16,1211
P004,교촌마을(출발지),P026,향밀,11,869
P004,교촌마을(출발지),P027,체크인치즈 황리단길점,10,793
P004,교촌마을(출발지),P028,황남역,17,1320
P004,교촌마을(출발지),P029,황남양옥,13,984
P004,교촌마을(출발지),P030,대릉소반,9,714
P004,교촌마을(출발지),P031,미포기사식당,15,1171
P004,교촌마을(출발지),P032,황리화덕가,14,1095
P004,교촌마을(출발지),P033,향택 경주,15,1143
P004,교촌마을(출발지),P034,무궁무진,13,992
P004,교촌마을(출발지),P035,노키,15,1141
P004,교촌마을(출발지),P036,마카다,10,765
P004,교촌마을(출발지),P037,황리단 치킨,15,1164
P004,교촌마을(출발지),P038,담요 따뜻한 손길,11,875
P004,교촌마을(출발지),P039,스컹크웍스,12,920
P004,교촌마을(출발지),P040,굿즈,10,744
P004,교촌마을(출발지),P041,샬로우커피 황리단길점,14,1074
P004,교촌마을(출발지),P042,데어벤치,9,671
P004,교촌마을(출발지),P043,스위피,9,667
P004,교촌마을(출발지),P044,아르떼,9,694
P004,교촌마을(출발지),P045,키도트,17,1322
P004,교촌마을(출발지),P046,후프후프,18,1381
P004,교촌마을(출발지),P047,올리브,15,1174
P004,교촌마을(출발지),P048,양지다방,15,1133
P004,교촌마을(출발지),P049,미실카페,16,1238
P004,교촌마을(출발지),P050,햇오프커피,16,1211
P004,교촌마을(출발지),P051,비화커피,15,1136
P004,교촌마을(출발지),P052,오버랩,23,1676
P004,교촌마을(출발지),P053,주돈,23,1735
P004,교촌마을(출발지),P054,서울뒷고기막창,24,1760
P004,교촌마을(출발지),P055,옐라,21,1666
P004,교촌마을(출발지),P056,대호당,22,1747
P004,교촌마을(출발지),P057,사계돈,21,1681
P004,교촌마을(출발지),P058,황오바오,21,1629
P004,교촌마을(출발지),P059,시간의 여백,24,1844
P004,교촌마을(출발지),P060,리커피하우스,24,1869
P004,교촌마을(출발지),P061,로라커피,28,2160
P004,교촌마을(출발지),P062,소담루,32,2431
P004,교촌마을(출발지),P063,위주,31,2370
P004,교촌마을(출발지),P064,크루그,29,2210
P004,교촌마을(출발지),P065,나봉상점 경주점,22,1735
P004,교촌마을(출발지),P066,연화,26,1924
P004,교촌마을(출발지),P067,yesterday,33,2000
P004,교촌마을(출발지),P068,진수성찬,3,222
P004,교촌마을(출발지),P069,베이글베이글러,4,280
P004,교촌마을(출발지),P070,경주 핑크뮬리(경주 핑크뮬리 군락지),13,1038
P004,교촌마을(출발지),P071,경주 교촌마을,0,0
P004,교촌마을(출발지),P072,경주 황리단길,15,1139
P004,교촌마을(출발지),P073,경주 계림,8,574
P004,교촌마을(출발지),P074,월정교,5,373
P004,교촌마을(출발지),P075,경주읍성,29,2207
P004,교촌마을(출발지),P076,경주 첨성대,11,807
P005,987피자,P006,료미,4,326
P005,987피자,P007,백년손님,4,279
P005,987피자,P008,백조식당,3,184
P005,987피자,P009,줄리스,2,168
P005,987피자,P010,포롱아밀 황남점,3,230
P005,987피자,P011,화양연화,5,375
P005,987피자,P012,료코,3,244
P005,987피자,P013,황남두꺼비식당 황남본점,5,359
P005,987피자,P014,피자옥,2,117
P005,987피자,P015,범외양간 황리단길본점,3,245
P005,987피자,P016,경주황소곱창 황리단길본점,2,129
P005,987피자,P017,메종드문,3,210
P005,987피자,P018,풍미갈비찜,4,284
P005,987피자,P019,황남갈비,5,379
P005,987피자,P020,타베르나,4,305
P005,987피자,P021,소나무 황리단길본점,6,429
P005,987피자,P022,오칼국수,5,382
P005,987피자,P023,황남거북이,1,13
P005,987피자,P024,그때그소간지,4,268
P005,987피자,P025,짚불함박,4,296
P005,987피자,P026,향밀,6,473
P005,987피자,P027,체크인치즈 황리단길점,4,284
P005,987피자,P028,황남역,4,310
P005,987피자,P029,황남양옥,1,57
P005,987피자,P030,대릉소반,6,458
P005,987피자,P031,미포기사식당,4,266
P005,987피자,P032,황리화덕가,6,445
P005,987피자,P033,향택 경주,4,276
P005,987피자,P034,무궁무진,4,328
P005,987피자,P035,노키,5,395
P005,987피자,P036,마카다,7,558
P005,987피자,P037,황리단 치킨,5,352
P005,987피자,P038,담요 따뜻한 손길,8,622
P005,987피자,P039,스컹크웍스,4,336
P005,987피자,P040,굿즈,4,319
P005,987피자,P041,샬로우커피 황리단길점,4,262
P005,987피자,P042,데어벤치,3,256
P005,987피자,P043,스위피,5,401
P005,987피자,P044,아르떼,4,269
P005,987피자,P045,키도트,4,326
P005,987피자,P046,후프후프,6,445
P005,987피자,P047,올리브,4,269
P005,987피자,P048,양지다방,4,262
P005,987피자,P049,미실카페,5,332
P005,987피자,P050,햇오프커피,5,354
P005,987피자,P051,비화커피,5,352
P005,987피자,P052,오버랩,12,780
P005,987피자,P053,주돈,10,725
P005,987피자,P054,서울뒷고기막창,12,841
P005,987피자,P055,옐라,13,975
P005,987피자,P056,대호당,14,1057
P005,987피자,P057,사계돈,13,991
P005,987피자,P058,황오바오,13,938
P005,987피자,P059,시간의 여백,11,834
P005,987피자,P060,리커피하우스,10,691
P005,987피자,P061,로라커피,20,1434
P005,987피자,P062,소담루,17,1200
P005,987피자,P063,위주,16,1139
P005,987피자,P064,크루그,14,979
P005,987피자,P065,나봉상점 경주점,14,1045
P005,987피자,P066,연화,20,1422
P005,987피자,P067,yesterday,28,1800
P005,987피자,P068,진수성찬,12,941
P005,987피자,P069,베이글베이글러,8,647
P005,987피자,P070,경주 핑크뮬리(경주 핑크뮬리 군락지),12,883
P005,987피자,P071,경주 교촌마을,12,927
P005,987피자,P072,경주 황리단길,3,186
P005,987피자,P073,경주 계림,15,1086
P005,987피자,P074,월정교,16,1244
P005,987피자,P075,경주읍성,20,1480
P005,987피자,P076,경주 첨성대,11,822
P006,료미,P007,백년손님,4,315
P006,료미,P008,백조식당,2,184
P006,료미,P009,줄리스,5,365
P006,료미,P010,포롱아밀 황남점,2,172
P006,료미,P011,화양연화,5,399
P006,료미,P012,료코,4,324
P006,료미,P013,황남두꺼비식당 황남본점,3,198
P006,료미,P014,피자옥,3,255
P006,료미,P015,범외양간 황리단길본점,3,236
P006,료미,P016,경주황소곱창 황리단길본점,3,237
P006,료미,P017,메종드문,4,340
P006,료미,P018,풍미갈비찜,2,180
P006,료미,P019,황남갈비,5,403
P006,료미,P020,타베르나,2,187
P006,료미,P021,소나무 황리단길본점,2,142
P006,료미,P022,오칼국수,3,264
P006,료미,P023,황남거북이,5,365
P006,료미,P024,그때그소간지,4,348
P006,료미,P025,짚불함박,4,318
P006,료미,P026,향밀,2,164
P006,료미,P027,체크인치즈 황리단길점,2,180
P006,료미,P028,황남역,5,424
P006,료미,P029,황남양옥,4,334
P006,료미,P030,대릉소반,8,646
P006,료미,P031,미포기사식당,4,275
P006,료미,P032,황리화덕가,2,140
P006,료미,P033,향택 경주,3,246
P006,료미,P034,무궁무진,1,41
P006,료미,P035,노키,3,186
P006,료미,P036,마카다,3,270
P006,료미,P037,황리단 치킨,3,267
P006,료미,P038,담요 따뜻한 손길,4,335
P006,료미,P039,스컹크웍스,0,31
P006,료미,P040,굿즈,3,219
P006,료미,P041,샬로우커피 황리단길점,2,178
P006,료미,P042,데어벤치,4,292
P006,료미,P043,스위피,4,284
P006,료미,P044,아르떼,3,269
P006,료미,P045,키도트,6,439
P006,료미,P046,후프후프,6,485
P006,료미,P047,올리브,4,278
P006,료미,P048,양지다방,3,237
P006,료미,P049,미실카페,4,341
P006,료미,P050,햇오프커피,4,315
P006,료미,P051,비화커피,2,182
P006,료미,P052,오버랩,12,780
P006,료미,P053,주돈,11,838
P006,료미,P054,서울뒷고기막창,13,864
P006,료미,P055,옐라,14,1089
P006,료미,P056,대호당,16,1170
P006,료미,P057,사계돈,15,1104
P006,료미,P058,황오바오,14,1052
P006,료미,P059,시간의 여백,13,948
P006,료미,P060,리커피하우스,11,805
P006,료미,P061,로라커피,21,1547
P006,료미,P062,소담루,18,1313
P006,료미,P063,위주,17,1252
P006,료미,P064,크루그,15,1092
P006,료미,P065,나봉상점 경주점,15,1158
P006,료미,P066,연화,21,1536
P006,료미,P067,yesterday,30,1900
P006,료미,P068,진수성찬,12,965
P006,료미,P069,베이글베이글러,9,671
P006,료미,P070,경주 핑크뮬리(경주 핑크뮬리 군락지),14,1066
P006,료미,P071,경주 교촌마을,12,951
P006,료미,P072,경주 황리단길,3,243
P006,료미,P073,경주 계림,17,1268
P006,료미,P074,월정교,16,1268
P006,료미,P075,경주읍성,21,1594
P006,료미,P076,경주 첨성대,13,1005
P007,백년손님,P008,백조식당,3,249
P007,백년손님,P009,줄리스,6,429
P007,백년손님,P010,포롱아밀 황남점,3,237
P007,백년손님,P011,화양연화,1,96
P007,백년손님,P012,료코,1,65
P007,백년손님,P013,황남두꺼비식당 황남본점,3,234
P007,백년손님,P014,피자옥,4,274
P007,백년손님,P015,범외양간 황리단길본점,6,486
P007,백년손님,P016,경주황소곱창 황리단길본점,5,391
P007,백년손님,P017,메종드문,3,198
P007,백년손님,P018,풍미갈비찜,2,145
P007,백년손님,P019,황남갈비,1,101
P007,백년손님,P020,타베르나,2,163
P007,백년손님,P021,소나무 황리단길본점,4,337
P007,백년손님,P022,오칼국수,3,240
P007,백년손님,P023,황남거북이,3,254
P007,백년손님,P024,그때그소간지,1,88
P007,백년손님,P025,짚불함박,7,563
P007,백년손님,P026,향밀,4,348
P007,백년손님,P027,체크인치즈 황리단길점,2,145
P007,백년손님,P028,황남역,9,672
P007,백년손님,P029,황남양옥,5,336
P007,백년손님,P030,대릉소반,5,344
P007,백년손님,P031,미포기사식당,7,523
P007,백년손님,P032,황리화덕가,6,455
P007,백년손님,P033,향택 경주,6,494
P007,백년손님,P034,무궁무진,5,356
P007,백년손님,P035,노키,7,501
P007,백년손님,P036,마카다,7,527
P007,백년손님,P037,황리단 치킨,7,515
P007,백년손님,P038,담요 따뜻한 손길,8,592
P007,백년손님,P039,스컹크웍스,4,284
P007,백년손님,P040,굿즈,1,95
P007,백년손님,P041,샬로우커피 황리단길점,5,426
P007,백년손님,P042,데어벤치,0,22
P007,백년손님,P043,스위피,2,146
P007,백년손님,P044,아르떼,1,46
P007,백년손님,P045,키도트,9,674
P007,백년손님,P046,후프후프,9,733
P007,백년손님,P047,올리브,7,526
P007,백년손님,P048,양지다방,6,485
P007,백년손님,P049,미실카페,8,589
P007,백년손님,P050,햇오프커피,7,563
P007,백년손님,P051,비화커피,7,516
P007,백년손님,P052,오버랩,15,1028
P007,백년손님,P053,주돈,14,1086
P007,백년손님,P054,서울뒷고기막창,16,1112
P007,백년손님,P055,옐라,18,1390
P007,백년손님,P056,대호당,19,1472
P007,백년손님,P057,사계돈,18,1406
P007,백년손님,P058,황오바오,17,1354
P007,백년손님,P059,시간의 여백,16,1196
P007,백년손님,P060,리커피하우스,14,1053
P007,백년손님,P061,로라커피,24,1795
P007,백년손님,P062,소담루,21,1561
P007,백년손님,P063,위주,20,1500
P007,백년손님,P064,크루그,18,1341
P007,백년손님,P065,나봉상점 경주점,18,1460
P007,백년손님,P066,연화,22,1649
P007,백년손님,P067,yesterday,27,2038
P007,백년손님,P068,진수성찬,9,663
P007,백년손님,P069,베이글베이글러,5,369
P007,백년손님,P070,경주 핑크뮬리(경주 핑크뮬리 군락지),10,763
P007,백년손님,P071,경주 교촌마을,8,648
P007,백년손님,P072,경주 황리단길,6,491
P007,백년손님,P073,경주 계림,13,966
P007,백년손님,P074,월정교,12,966
P007,백년손님,P075,경주읍성,25,1842
P007,백년손님,P076,경주 첨성대,9,702
P008,백조식당,P009,줄리스,3,222
P008,백조식당,P010,포롱아밀 황남점,1,46
P008,백조식당,P011,화양연화,4,333
P008,백조식당,P012,료코,3,222
P008,백조식당,P013,황남두꺼비식당 황남본점,2,176
P008,백조식당,P014,피자옥,1,71
P008,백조식당,P015,범외양간 황리단길본점,4,283
P008,백조식당,P016,경주황소곱창 황리단길본점,2,188
P008,백조식당,P017,메종드문,2,157
P008,백조식당,P018,풍미갈비찜,1,100
P008,백조식당,P019,황남갈비,4,337
P008,백조식당,P020,타베르나,2,121
P008,백조식당,P021,소나무 황리단길본점,4,279
P008,백조식당,P022,오칼국수,3,198
P008,백조식당,P023,황남거북이,2,181
P008,백조식당,P024,그때그소간지,3,246
P008,백조식당,P025,짚불함박,5,360
P008,백조식당,P026,향밀,4,289
P008,백조식당,P027,체크인치즈 황리단길점,1,100
P008,백조식당,P028,황남역,6,469
P008,백조식당,P029,황남양옥,3,191
P008,백조식당,P030,대릉소반,6,480
P008,백조식당,P031,미포기사식당,4,320
P008,백조식당,P032,황리화덕가,4,324
P008,백조식당,P033,향택 경주,4,292
P008,백조식당,P034,무궁무진,3,224
P008,백조식당,P035,노키,5,356
P008,백조식당,P036,마카다,6,454
P008,백조식당,P037,황리단 치킨,4,313
P008,백조식당,P038,담요 따뜻한 손길,7,518
P008,백조식당,P039,스컹크웍스,2,152
P008,백조식당,P040,굿즈,2,153
P008,백조식당,P041,샬로우커피 황리단길점,3,223
P008,백조식당,P042,데어벤치,3,226
P008,백조식당,P043,스위피,3,218
P008,백조식당,P044,아르떼,3,203
P008,백조식당,P045,키도트,6,472
P008,백조식당,P046,후프후프,7,530
P008,백조식당,P047,올리브,4,323
P008,백조식당,P048,양지다방,4,282
P008,백조식당,P049,미실카페,5,387
P008,백조식당,P050,햇오프커피,5,360
P008,백조식당,P051,비화커피,4,313
P008,백조식당,P052,오버랩,12,826
P008,백조식당,P053,주돈,12,884
P008,백조식당,P054,서울뒷고기막창,13,909
P008,백조식당,P055,옐라,15,1134
P008,백조식당,P056,대호당,16,1216
P008,백조식당,P057,사계돈,15,1150
P008,백조식당,P058,황오바오,15,1097
P008,백조식당,P059,시간의 여백,13,993
P008,백조식당,P060,리커피하우스,11,850
P008,백조식당,P061,로라커피,21,1592
P008,백조식당,P062,소담루,18,1359
P008,백조식당,P063,위주,18,1298
P008,백조식당,P064,크루그,15,1138
P008,백조식당,P065,나봉상점 경주점,16,1204
P008,백조식당,P066,연화,22,1581
P008,백조식당,P067,yesterday,30,2274
P008,백조식당,P068,진수성찬,12,899
P008,백조식당,P069,베이글베이글러,8,605
P008,백조식당,P070,경주 핑크뮬리(경주 핑크뮬리 군락지),13,1000
P008,백조식당,P071,경주 교촌마을,11,885
P008,백조식당,P072,경주 황리단길,4,288
P008,백조식당,P073,경주 계림,16,1202
P008,백조식당,P074,월정교,15,1202
P008,백조식당,P075,경주읍성,22,1640
P008,백조식당,P076,경주 첨성대,12,939
P009,줄리스,P010,포롱아밀 황남점,4,269
P009,줄리스,P011,화양연화,7,526
P009,줄리스,P012,료코,5,395
P009,줄리스,P013,황남두꺼비식당 황남본점,5,398
P009,줄리스,P014,피자옥,2,156
P009,줄리스,P015,범외양간 황리단길본점,3,182
P009,줄리스,P016,경주황소곱창 황리단길본점,2,168
P009,줄리스,P017,메종드문,4,330
P009,줄리스,P018,풍미갈비찜,4,323
P009,줄리스,P019,황남갈비,7,530
P009,줄리스,P020,타베르나,5,343
P009,줄리스,P021,소나무 황리단길본점,6,468
P009,줄리스,P022,오칼국수,6,420
P009,줄리스,P023,황남거북이,2,170
P009,줄리스,P024,그때그소간지,6,419
P009,줄리스,P025,짚불함박,3,225
P009,줄리스,P026,향밀,6,491
P009,줄리스,P027,체크인치즈 황리단길점,4,323
P009,줄리스,P028,황남역,2,177
P009,줄리스,P029,황남양옥,2,176
P009,줄리스,P030,대릉소반,8,604
P009,줄리스,P031,미포기사식당,3,203
P009,줄리스,P032,황리화덕가,6,467
P009,줄리스,P033,향택 경주,3,213
P009,줄리스,P034,무궁무진,5,368
P009,줄리스,P035,노키,6,434
P009,줄리스,P036,마카다,8,597
P009,줄리스,P037,황리단 치킨,4,270
P009,줄리스,P038,담요 따뜻한 손길,9,662
P009,줄리스,P039,스컹크웍스,5,375
P009,줄리스,P040,굿즈,5,376
P009,줄리스,P041,샬로우커피 황리단길점,3,251
P009,줄리스,P042,데어벤치,5,407
P009,줄리스,P043,스위피,6,440
P009,줄리스,P044,아르떼,6,420
P009,줄리스,P045,키도트,3,192
P009,줄리스,P046,후프후프,4,312
P009,줄리스,P047,올리브,3,206
P009,줄리스,P048,양지다방,3,199
P009,줄리스,P049,미실카페,3,232
P009,줄리스,P050,햇오프커피,4,291
P009,줄리스,P051,비화커피,5,391
P009,줄리스,P052,오버랩,10,647
P009,줄리스,P053,주돈,8,591
P009,줄리스,P054,서울뒷고기막창,10,708
P009,줄리스,P055,옐라,11,842
P009,줄리스,P056,대호당,12,924
P009,줄리스,P057,사계돈,12,857
P009,줄리스,P058,황오바오,11,805
P009,줄리스,P059,시간의 여백,10,701
P009,줄리스,P060,리커피하우스,8,558
P009,줄리스,P061,로라커피,18,1300
P009,줄리스,P062,소담루,15,1066
P009,줄리스,P063,위주,14,1005
P009,줄리스,P064,크루그,12,846
P009,줄리스,P065,나봉상점 경주점,12,911
P009,줄리스,P066,연화,18,1289
P009,줄리스,P067,yesterday,26,1941
P009,줄리스,P068,진수성찬,14,1092
P009,줄리스,P069,베이글베이글러,10,798
P009,줄리스,P070,경주 핑크뮬리(경주 핑크뮬리 군락지),14,1029
P009,줄리스,P071,경주 교촌마을,14,1078
P009,줄리스,P072,경주 황리단길,2,122
P009,줄리스,P073,경주 계림,17,1231
P009,줄리스,P074,월정교,18,1395
P009,줄리스,P075,경주읍성,18,1347
P009,줄리스,P076,경주 첨성대,13,968
P010,포롱아밀 황남점,P011,화양연화,4,321
P010,포롱아밀 황남점,P012,료코,3,246
P010,포롱아밀 황남점,P013,황남두꺼비식당 황남본점,2,164
P010,포롱아밀 황남점,P014,피자옥,2,118
P010,포롱아밀 황남점,P015,범외양간 황리단길본점,4,329
P010,포롱아밀 황남점,P016,경주황소곱창 황리단길본점,3,235
P010,포롱아밀 황남점,P017,메종드문,3,203
P010,포롱아밀 황남점,P018,풍미갈비찜,1,88
P010,포롱아밀 황남점,P019,황남갈비,4,325
P010,포롱아밀 황남점,P020,타베르나,1,109
P010,포롱아밀 황남점,P021,소나무 황리단길본점,3,267
P010,포롱아밀 황남점,P022,오칼국수,2,186
P010,포롱아밀 황남점,P023,황남거북이,3,228
P010,포롱아밀 황남점,P024,그때그소간지,4,270
P010,포롱아밀 황남점,P025,짚불함박,5,407
P010,포롱아밀 황남점,P026,향밀,4,277
P010,포롱아밀 황남점,P027,체크인치즈 황리단길점,1,88
P010,포롱아밀 황남점,P028,황남역,7,515
P010,포롱아밀 황남점,P029,황남양옥,3,238
P010,포롱아밀 황남점,P030,대릉소반,7,568
P010,포롱아밀 황남점,P031,미포기사식당,5,367
P010,포롱아밀 황남점,P032,황리화덕가,4,312
P010,포롱아밀 황남점,P033,향택 경주,4,338
P010,포롱아밀 황남점,P034,무궁무진,3,212
P010,포롱아밀 황남점,P035,노키,5,358
P010,포롱아밀 황남점,P036,마카다,6,442
P010,포롱아밀 황남점,P037,황리단 치킨,5,359
P010,포롱아밀 황남점,P038,담요 따뜻한 손길,7,506
P010,포롱아밀 황남점,P039,스컹크웍스,2,140
P010,포롱아밀 황남점,P040,굿즈,2,141
P010,포롱아밀 황남점,P041,샬로우커피 황리단길점,4,270
P010,포롱아밀 황남점,P042,데어벤치,3,214
P010,포롱아밀 황남점,P043,스위피,3,206
P010,포롱아밀 황남점,P044,아르떼,2,191
P010,포롱아밀 황남점,P045,키도트,7,518
P010,포롱아밀 황남점,P046,후프후프,7,577
P010,포롱아밀 황남점,P047,올리브,5,370
P010,포롱아밀 황남점,P048,양지다방,4,328
P010,포롱아밀 황남점,P049,미실카페,6,433
P010,포롱아밀 황남점,P050,햇오프커피,5,407
P010,포롱아밀 황남점,P051,비화커피,5,359
P010,포롱아밀 황남점,P052,오버랩,13,872
P010,포롱아밀 황남점,P053,주돈,12,930
P010,포롱아밀 황남점,P054,서울뒷고기막창,14,956
P010,포롱아밀 황남점,P055,옐라,16,1180
P010,포롱아밀 황남점,P056,대호당,17,1262
P010,포롱아밀 황남점,P057,사계돈,16,1196
P010,포롱아밀 황남점,P058,황오바오,15,1144
P010,포롱아밀 황남점,P059,시간의 여백,14,1039
P010,포롱아밀 황남점,P060,리커피하우스,12,897
P010,포롱아밀 황남점,P061,로라커피,22,1639
P010,포롱아밀 황남점,P062,소담루,19,1405
P010,포롱아밀 황남점,P063,위주,18,1344
P010,포롱아밀 황남점,P064,크루그,16,1184
P010,포롱아밀 황남점,P065,나봉상점 경주점,17,1250
P010,포롱아밀 황남점,P066,연화,23,1628
P010,포롱아밀 황남점,P067,yesterday,30,2262
P010,포롱아밀 황남점,P068,진수성찬,12,887
P010,포롱아밀 황남점,P069,베이글베이글러,8,593
P010,포롱아밀 황남점,P070,경주 핑크뮬리(경주 핑크뮬리 군락지),13,988
P010,포롱아밀 황남점,P071,경주 교촌마을,11,873
P010,포롱아밀 황남점,P072,경주 황리단길,4,335
P010,포롱아밀 황남점,P073,경주 계림,16,1190
P010,포롱아밀 황남점,P074,월정교,15,1190
P010,포롱아밀 황남점,P075,경주읍성,23,1686
P010,포롱아밀 황남점,P076,경주 첨성대,12,927
P011,화양연화,P012,료코,2,161
P011,화양연화,P013,황남두꺼비식당 황남본점,3,203
P011,화양연화,P014,피자옥,5,370
P011,화양연화,P015,범외양간 황리단길본점,7,582
P011,화양연화,P016,경주황소곱창 황리단길본점,6,488
P011,화양연화,P017,메종드문,4,295
P011,화양연화,P018,풍미갈비찜,3,241
P011,화양연화,P019,황남갈비,0,28
P011,화양연화,P020,타베르나,3,212
P011,화양연화,P021,소나무 황리단길본점,4,307
P011,화양연화,P022,오칼국수,3,226
P011,화양연화,P023,황남거북이,5,351
P011,화양연화,P024,그때그소간지,2,185
P011,화양연화,P025,짚불함박,8,660
P011,화양연화,P026,향밀,4,317
P011,화양연화,P027,체크인치즈 황리단길점,3,241
P011,화양연화,P028,황남역,10,768
P011,화양연화,P029,황남양옥,6,432
P011,화양연화,P030,대릉소반,3,247
P011,화양연화,P031,미포기사식당,8,620
P011,화양연화,P032,황리화덕가,7,543
P011,화양연화,P033,향택 경주,8,591
P011,화양연화,P034,무궁무진,6,440
P011,화양연화,P035,노키,8,589
P011,화양연화,P036,마카다,6,497
P011,화양연화,P037,황리단 치킨,8,612
P011,화양연화,P038,담요 따뜻한 손길,7,562
P011,화양연화,P039,스컹크웍스,5,368
P011,화양연화,P040,굿즈,2,192
P011,화양연화,P041,샬로우커피 황리단길점,7,522
P011,화양연화,P042,데어벤치,2,119
P011,화양연화,P043,스위피,1,115
P011,화양연화,P044,아르떼,2,142
P011,화양연화,P045,키도트,10,771
P011,화양연화,P046,후프후프,11,829
P011,화양연화,P047,올리브,8,622
P011,화양연화,P048,양지다방,7,581
P011,화양연화,P049,미실카페,9,686
P011,화양연화,P050,햇오프커피,9,660
P011,화양연화,P051,비화커피,7,584
P011,화양연화,P052,오버랩,16,1125
P011,화양연화,P053,주돈,16,1183
P011,화양연화,P054,서울뒷고기막창,17,1208
P011,화양연화,P055,옐라,16,1294
P011,화양연화,P056,대호당,17,1376
P011,화양연화,P057,사계돈,17,1310
P011,화양연화,P058,황오바오,16,1257
P011,화양연화,P059,시간의 여백,17,1292
P011,화양연화,P060,리커피하우스,15,1149
P011,화양연화,P061,로라커피,23,1788
P011,화양연화,P062,소담루,22,1658
P011,화양연화,P063,위주,21,1597
P011,화양연화,P064,크루그,19,1437
P011,화양연화,P065,나봉상점 경주점,17,1364
P011,화양연화,P066,연화,21,1553
P011,화양연화,P067,yesterday,26,1941
P011,화양연화,P068,진수성찬,8,632
P011,화양연화,P069,베이글베이글러,4,338
P011,화양연화,P070,경주 핑크뮬리(경주 핑크뮬리 군락지),9,667
P011,화양연화,P071,경주 교촌마을,8,618
P011,화양연화,P072,경주 황리단길,8,587
P011,화양연화,P073,경주 계림,12,869
P011,화양연화,P074,월정교,12,935
P011,화양연화,P075,경주읍성,24,1835
P011,화양연화,P076,경주 첨성대,8,606
P012,료코,P013,황남두꺼비식당 황남본점,3,265
P012,료코,P014,피자옥,3,240
P012,료코,P015,범외양간 황리단길본점,6,451
P012,료코,P016,경주황소곱창 황리단길본점,5,357
P012,료코,P017,메종드문,2,164
P012,료코,P018,풍미갈비찜,2,155
P012,료코,P019,황남갈비,2,166
P012,료코,P020,타베르나,3,210
P012,료코,P021,소나무 황리단길본점,5,368
P012,료코,P022,오칼국수,4,288
P012,료코,P023,황남거북이,3,220
P012,료코,P024,그때그소간지,0,24
P012,료코,P025,짚불함박,7,529
P012,료코,P026,향밀,5,379
P012,료코,P027,체크인치즈 황리단길점,2,155
P012,료코,P028,황남역,8,637
P012,료코,P029,황남양옥,4,301
P012,료코,P030,대릉소반,4,273
P012,료코,P031,미포기사식당,6,489
P012,료코,P032,황리화덕가,6,465
P012,료코,P033,향택 경주,6,460
P012,료코,P034,무궁무진,5,365
P012,료코,P035,노키,7,524
P012,료코,P036,마카다,7,558
P012,료코,P037,황리단 치킨,6,481
P012,료코,P038,담요 따뜻한 손길,8,623
P012,료코,P039,스컹크웍스,4,293
P012,료코,P040,굿즈,1,105
P012,료코,P041,샬로우커피 황리단길점,5,392
P012,료코,P042,데어벤치,1,42
P012,료코,P043,스위피,3,211
P012,료코,P044,아르떼,1,55
P012,료코,P045,키도트,8,640
P012,료코,P046,후프후프,9,699
P012,료코,P047,올리브,6,492
P012,료코,P048,양지다방,6,450
P012,료코,P049,미실카페,7,555
P012,료코,P050,햇오프커피,7,529
P012,료코,P051,비화커피,6,481
P012,료코,P052,오버랩,14,994
P012,료코,P053,주돈,14,1052
P012,료코,P054,서울뒷고기막창,15,1078
P012,료코,P055,옐라,16,1201
P012,료코,P056,대호당,17,1282
P012,료코,P057,사계돈,16,1216
P012,료코,P058,황오바오,15,1164
P012,료코,P059,시간의 여백,15,1161
P012,료코,P060,리커피하우스,14,1019
P012,료코,P061,로라커피,23,1695
P012,료코,P062,소담루,20,1527
P012,료코,P063,위주,20,1466
P012,료코,P064,크루그,18,1306
P012,료코,P065,나봉상점 경주점,17,1270
P012,료코,P066,연화,21,1490
P012,료코,P067,yesterday,28,2103
P012,료코,P068,진수성찬,9,727
P012,료코,P069,베이글베이글러,6,434
P012,료코,P070,경주 핑크뮬리(경주 핑크뮬리 군락지),11,828
P012,료코,P071,경주 교촌마을,9,713
P012,료코,P072,경주 황리단길,6,457
P012,료코,P073,경주 계림,14,1031
P012,료코,P074,월정교,13,1030
P012,료코,P075,경주읍성,23,1742
P012,료코,P076,경주 첨성대,10,767
P013,황남두꺼비식당 황남본점,P014,피자옥,3,247
P013,황남두꺼비식당 황남본점,P015,범외양간 황리단길본점,6,443
P013,황남두꺼비식당 황남본점,P016,경주황소곱창 황리단길본점,5,364
P013,황남두꺼비식당 황남본점,P017,메종드문,4,332
P013,황남두꺼비식당 황남본점,P018,풍미갈비찜,2,171
P013,황남두꺼비식당 황남본점,P019,황남갈비,3,208
P013,황남두꺼비식당 황남본점,P020,타베르나,1,55
P013,황남두꺼비식당 황남본점,P021,소나무 황리단길본점,1,103
P013,황남두꺼비식당 황남본점,P022,오칼국수,1,69
P013,황남두꺼비식당 황남본점,P023,황남거북이,5,357
P013,황남두꺼비식당 황남본점,P024,그때그소간지,4,289
P013,황남두꺼비식당 황남본점,P025,짚불함박,7,524
P013,황남두꺼비식당 황남본점,P026,향밀,1,114
P013,황남두꺼비식당 황남본점,P027,체크인치즈 황리단길점,2,171
P013,황남두꺼비식당 황남본점,P028,황남역,8,630
P013,황남두꺼비식당 황남본점,P029,황남양옥,5,367
P013,황남두꺼비식당 황남본점,P030,대릉소반,6,450
P013,황남두꺼비식당 황남본점,P031,미포기사식당,6,481
P013,황남두꺼비식당 황남본점,P032,황리화덕가,4,340
P013,황남두꺼비식당 황남본점,P033,향택 경주,6,453
P013,황남두꺼비식당 황남본점,P034,무궁무진,3,247
P013,황남두꺼비식당 황남본점,P035,노키,5,386
P013,황남두꺼비식당 황남본점,P036,마카다,4,293
P013,황남두꺼비식당 황남본점,P037,황리단 치킨,6,474
P013,황남두꺼비식당 황남본점,P038,담요 따뜻한 손길,5,358
P013,황남두꺼비식당 황남본점,P039,스컹크웍스,2,167
P013,황남두꺼비식당 황남본점,P040,굿즈,2,160
P013,황남두꺼비식당 황남본점,P041,샬로우커피 황리단길점,5,384
P013,황남두꺼비식당 황남본점,P042,데어벤치,3,224
P013,황남두꺼비식당 황남본점,P043,스위피,1,88
P013,황남두꺼비식당 황남본점,P044,아르떼,3,210
P013,황남두꺼비식당 황남본점,P045,키도트,8,646
P013,황남두꺼비식당 황남본점,P046,후프후프,9,691
P013,황남두꺼비식당 황남본점,P047,올리브,6,484
P013,황남두꺼비식당 황남본점,P048,양지다방,6,443
P013,황남두꺼비식당 황남본점,P049,미실카페,7,548
P013,황남두꺼비식당 황남본점,P050,햇오프커피,7,521
P013,황남두꺼비식당 황남본점,P051,비화커피,5,381
P013,황남두꺼비식당 황남본점,P052,오버랩,15,983
P013,황남두꺼비식당 황남본점,P053,주돈,14,1045
P013,황남두꺼비식당 황남본점,P054,서울뒷고기막창,16,1066
P013,황남두꺼비식당 황남본점,P055,옐라,17,1295
P013,황남두꺼비식당 황남본점,P056,대호당,18,1377
P013,황남두꺼비식당 황남본점,P057,사계돈,17,1310
P013,황남두꺼비식당 황남본점,P058,황오바오,17,1258
P013,황남두꺼비식당 황남본점,P059,시간의 여백,15,1154
P013,황남두꺼비식당 황남본점,P060,리커피하우스,13,1011
P013,황남두꺼비식당 황남본점,P061,로라커피,24,1753
P013,황남두꺼비식당 황남본점,P062,소담루,20,1520
P013,황남두꺼비식당 황남본점,P063,위주,20,1459
P013,황남두꺼비식당 황남본점,P064,크루그,18,1299
P013,황남두꺼비식당 황남본점,P065,나봉상점 경주점,18,1365
P013,황남두꺼비식당 황남본점,P066,연화,24,1742
P013,황남두꺼비식당 황남본점,P067,yesterday,28,2145
P013,황남두꺼비식당 황남본점,P068,진수성찬,10,770
P013,황남두꺼비식당 황남본점,P069,베이글베이글러,6,476
P013,황남두꺼비식당 황남본점,P070,경주 핑크뮬리(경주 핑크뮬리 군락지),11,870
P013,황남두꺼비식당 황남본점,P071,경주 교촌마을,10,755
P013,황남두꺼비식당 황남본점,P072,경주 황리단길,6,449
P013,황남두꺼비식당 황남본점,P073,경주 계림,14,1073
P013,황남두꺼비식당 황남본점,P074,월정교,14,1072
P013,황남두꺼비식당 황남본점,P075,경주읍성,24,1800
P013,황남두꺼비식당 황남본점,P076,경주 첨성대,11,809
P014,피자옥,P015,범외양간 황리단길본점,3,260
P014,피자옥,P016,경주황소곱창 황리단길본점,1,106
P014,피자옥,P017,메종드문,2,174
P014,피자옥,P018,풍미갈비찜,2,172
P014,피자옥,P019,황남갈비,5,374
P014,피자옥,P020,타베르나,2,192
P014,피자옥,P021,소나무 황리단길본점,5,350
P014,피자옥,P022,오칼국수,3,270
P014,피자옥,P023,황남거북이,2,141
P014,피자옥,P024,그때그소간지,3,263
P014,피자옥,P025,짚불함박,4,337
P014,피자옥,P026,향밀,5,360
P014,피자옥,P027,체크인치즈 황리단길점,2,172
P014,피자옥,P028,황남역,5,332
P014,피자옥,P029,황남양옥,2,125
P014,피자옥,P030,대릉소반,7,498
P014,피자옥,P031,미포기사식당,4,297
P014,피자옥,P032,황리화덕가,5,383
P014,피자옥,P033,향택 경주,3,268
P014,피자옥,P034,무궁무진,3,266
P014,피자옥,P035,노키,4,332
P014,피자옥,P036,마카다,6,495
P014,피자옥,P037,황리단 치킨,4,289
P014,피자옥,P038,담요 따뜻한 손길,7,560
P014,피자옥,P039,스컹크웍스,3,224
P014,피자옥,P040,굿즈,3,224
P014,피자옥,P041,샬로우커피 황리단길점,3,200
P014,피자옥,P042,데어벤치,3,251
P014,피자옥,P043,스위피,4,289
P014,피자옥,P044,아르떼,3,264
P014,피자옥,P045,키도트,5,348
P014,피자옥,P046,후프후프,6,467
P014,피자옥,P047,올리브,4,300
P014,피자옥,P048,양지다방,3,259
P014,피자옥,P049,미실카페,5,363
P014,피자옥,P050,햇오프커피,4,337
P014,피자옥,P051,비화커피,4,290
P014,피자옥,P052,오버랩,12,802
P014,피자옥,P053,주돈,10,747
P014,피자옥,P054,서울뒷고기막창,13,886
P014,피자옥,P055,옐라,14,997
P014,피자옥,P056,대호당,15,1079
P014,피자옥,P057,사계돈,14,1013
P014,피자옥,P058,황오바오,13,960
P014,피자옥,P059,시간의 여백,12,856
P014,피자옥,P060,리커피하우스,10,714
P014,피자옥,P061,로라커피,20,1456
P014,피자옥,P062,소담루,17,1222
P014,피자옥,P063,위주,16,1161
P014,피자옥,P064,크루그,14,1001
P014,피자옥,P065,나봉상점 경주점,14,1067
P014,피자옥,P066,연화,21,1445
P014,피자옥,P067,yesterday,29,2097
P014,피자옥,P068,진수성찬,12,936
P014,피자옥,P069,베이글베이글러,8,642
P014,피자옥,P070,경주 핑크뮬리(경주 핑크뮬리 군락지),13,1037
P014,피자옥,P071,경주 교촌마을,12,922
P014,피자옥,P072,경주 황리단길,2,173
P014,피자옥,P073,경주 계림,15,1126
P014,피자옥,P074,월정교,16,1239
P014,피자옥,P075,경주읍성,21,1503
P014,피자옥,P076,경주 첨성대,12,862
P015,범외양간 황리단길본점,P016,경주황소곱창 황리단길본점,3,234
P015,범외양간 황리단길본점,P017,메종드문,5,386
P015,범외양간 황리단길본점,P018,풍미갈비찜,5,384
P015,범외양간 황리단길본점,P019,황남갈비,8,586
P015,범외양간 황리단길본점,P020,타베르나,5,404
P015,범외양간 황리단길본점,P021,소나무 황리단길본점,4,340
P015,범외양간 황리단길본점,P022,오칼국수,6,481
P015,범외양간 황리단길본점,P023,황남거북이,4,269
P015,범외양간 황리단길본점,P024,그때그소간지,6,475
P015,범외양간 황리단길본점,P025,짚불함박,1,95
P015,범외양간 황리단길본점,P026,향밀,5,362
P015,범외양간 황리단길본점,P027,체크인치즈 황리단길점,5,384
P015,범외양간 황리단길본점,P028,황남역,3,222
P015,범외양간 황리단길본점,P029,황남양옥,4,253
P015,범외양간 황리단길본점,P030,대릉소반,9,710
P015,범외양간 황리단길본점,P031,미포기사식당,1,55
P015,범외양간 황리단길본점,P032,황리화덕가,4,304
P015,범외양간 황리단길본점,P033,향택 경주,0,31
P015,범외양간 황리단길본점,P034,무궁무진,3,239
P015,범외양간 황리단길본점,P035,노키,3,254
P015,범외양간 황리단길본점,P036,마카다,6,468
P015,범외양간 황리단길본점,P037,황리단 치킨,1,88
P015,범외양간 황리단길본점,P038,담요 따뜻한 손길,7,533
P015,범외양간 황리단길본점,P039,스컹크웍스,3,268
P015,범외양간 황리단길본점,P040,굿즈,6,436
P015,범외양간 황리단길본점,P041,샬로우커피 황리단길점,2,122
P015,범외양간 황리단길본점,P042,데어벤치,6,463
P015,범외양간 황리단길본점,P043,스위피,6,501
P015,범외양간 황리단길본점,P044,아르떼,6,476
P015,범외양간 황리단길본점,P045,키도트,3,206
P015,범외양간 황리단길본점,P046,후프후프,3,265
P015,범외양간 황리단길본점,P047,올리브,1,58
P015,범외양간 황리단길본점,P048,양지다방,0,17
P015,범외양간 황리단길본점,P049,미실카페,2,121
P015,범외양간 황리단길본점,P050,햇오프커피,2,143
P015,범외양간 황리단길본점,P051,비화커피,3,211
P015,범외양간 황리단길본점,P052,오버랩,9,592
P015,범외양간 황리단길본점,P053,주돈,9,655
P015,범외양간 황리단길본점,P054,서울뒷고기막창,9,662
P015,범외양간 황리단길본점,P055,옐라,12,906
P015,범외양간 황리단길본점,P056,대호당,13,987
P015,범외양간 황리단길본점,P057,사계돈,12,921
P015,범외양간 황리단길본점,P058,황오바오,12,869
P015,범외양간 황리단길본점,P059,시간의 여백,10,764
P015,범외양간 황리단길본점,P060,리커피하우스,8,622
P015,범외양간 황리단길본점,P061,로라커피,19,1364
P015,범외양간 황리단길본점,P062,소담루,15,1130
P015,범외양간 황리단길본점,P063,위주,15,1069
P015,범외양간 황리단길본점,P064,크루그,13,909
P015,범외양간 황리단길본점,P065,나봉상점 경주점,13,975
P015,범외양간 황리단길본점,P066,연화,19,1353
P015,범외양간 황리단길본점,P067,yesterday,27,2005
P015,범외양간 황리단길본점,P068,진수성찬,15,1148
P015,범외양간 황리단길본점,P069,베이글베이글러,11,854
P015,범외양간 황리단길본점,P070,경주 핑크뮬리(경주 핑크뮬리 군락지),16,1249
P015,범외양간 황리단길본점,P071,경주 교촌마을,15,1134
P015,범외양간 황리단길본점,P072,경주 황리단길,1,60
P015,범외양간 황리단길본점,P073,경주 계림,18,1337
P015,범외양간 황리단길본점,P074,월정교,19,1451
P015,범외양간 황리단길본점,P075,경주읍성,19,1411
P015,범외양간 황리단길본점,P076,경주 첨성대,14,1074
P016,경주황소곱창 황리단길본점,P017,메종드문,4,292
P016,경주황소곱창 황리단길본점,P018,풍미갈비찜,4,289
P016,경주황소곱창 황리단길본점,P019,황남갈비,6,492
P016,경주황소곱창 황리단길본점,P020,타베르나,4,309
P016,경주황소곱창 황리단길본점,P021,소나무 황리단길본점,4,340
P016,경주황소곱창 황리단길본점,P022,오칼국수,5,387
P016,경주황소곱창 황리단길본점,P023,황남거북이,2,154
P016,경주황소곱창 황리단길본점,P024,그때그소간지,5,381
P016,경주황소곱창 황리단길본점,P025,짚불함박,4,311
P016,경주황소곱창 황리단길본점,P026,향밀,5,363
P016,경주황소곱창 황리단길본점,P027,체크인치즈 황리단길점,4,289
P016,경주황소곱창 황리단길본점,P028,황남역,5,420
P016,경주황소곱창 황리단길본점,P029,황남양옥,2,137
P016,경주황소곱창 황리단길본점,P030,대릉소반,8,616
P016,경주황소곱창 황리단길본점,P031,미포기사식당,4,271
P016,경주황소곱창 황리단길본점,P032,황리화덕가,5,357
P016,경주황소곱창 황리단길본점,P033,향택 경주,3,242
P016,경주황소곱창 황리단길본점,P034,무궁무진,3,240
P016,경주황소곱창 황리단길본점,P035,노키,4,306
P016,경주황소곱창 황리단길본점,P036,마카다,6,469
P016,경주황소곱창 황리단길본점,P037,황리단 치킨,4,263
P016,경주황소곱창 황리단길본점,P038,담요 따뜻한 손길,7,534
P016,경주황소곱창 황리단길본점,P039,스컹크웍스,4,269
P016,경주황소곱창 황리단길본점,P040,굿즈,4,342
P016,경주황소곱창 황리단길본점,P041,샬로우커피 황리단길점,2,174
P016,경주황소곱창 황리단길본점,P042,데어벤치,5,369
P016,경주황소곱창 황리단길본점,P043,스위피,5,406
P016,경주황소곱창 황리단길본점,P044,아르떼,5,382
P016,경주황소곱창 황리단길본점,P045,키도트,5,422
P016,경주황소곱창 황리단길본점,P046,후프후프,6,481
P016,경주황소곱창 황리단길본점,P047,올리브,4,274
P016,경주황소곱창 황리단길본점,P048,양지다방,3,233
P016,경주황소곱창 황리단길본점,P049,미실카페,4,337
P016,경주황소곱창 황리단길본점,P050,햇오프커피,4,311
P016,경주황소곱창 황리단길본점,P051,비화커피,3,264
P016,경주황소곱창 황리단길본점,P052,오버랩,12,776
P016,경주황소곱창 황리단길본점,P053,주돈,11,834
P016,경주황소곱창 황리단길본점,P054,서울뒷고기막창,13,860
P016,경주황소곱창 황리단길본점,P055,옐라,14,1085
P016,경주황소곱창 황리단길본점,P056,대호당,16,1166
P016,경주황소곱창 황리단길본점,P057,사계돈,15,1100
P016,경주황소곱창 황리단길본점,P058,황오바오,14,1048
P016,경주황소곱창 황리단길본점,P059,시간의 여백,13,944
P016,경주황소곱창 황리단길본점,P060,리커피하우스,11,801
P016,경주황소곱창 황리단길본점,P061,로라커피,21,1543
P016,경주황소곱창 황리단길본점,P062,소담루,18,1309
P016,경주황소곱창 황리단길본점,P063,위주,17,1248
P016,경주황소곱창 황리단길본점,P064,크루그,15,1088
P016,경주황소곱창 황리단길본점,P065,나봉상점 경주점,15,1154
P016,경주황소곱창 황리단길본점,P066,연화,21,1532
P016,경주황소곱창 황리단길본점,P067,yesterday,30,2184
P016,경주황소곱창 황리단길본점,P068,진수성찬,14,1054
P016,경주황소곱창 황리단길본점,P069,베이글베이글러,10,760
P016,경주황소곱창 황리단길본점,P070,경주 핑크뮬리(경주 핑크뮬리 군락지),15,1154
P016,경주황소곱창 황리단길본점,P071,경주 교촌마을,13,1039
P016,경주황소곱창 황리단길본점,P072,경주 황리단길,3,185
P016,경주황소곱창 황리단길본점,P073,경주 계림,17,1243
P016,경주황소곱창 황리단길본점,P074,월정교,17,1357
P016,경주황소곱창 황리단길본점,P075,경주읍성,22,1590
P016,경주황소곱창 황리단길본점,P076,경주 첨성대,13,980
P017,메종드문,P018,풍미갈비찜,3,257
P017,메종드문,P019,황남갈비,4,299
P017,메종드문,P020,타베르나,4,278
P017,메종드문,P021,소나무 황리단길본점,6,436
P017,메종드문,P022,오칼국수,5,355
P017,메종드문,P023,황남거북이,3,186
P017,메종드문,P024,그때그소간지,2,188
P017,메종드문,P025,짚불함박,6,464
P017,메종드문,P026,향밀,6,446
P017,메종드문,P027,체크인치즈 황리단길점,3,257
P017,메종드문,P028,황남역,7,572
P017,메종드문,P029,황남양옥,4,267
P017,메종드문,P030,대릉소반,6,423
P017,메종드문,P031,미포기사식당,5,424
P017,메종드문,P032,황리화덕가,7,510
P017,메종드문,P033,향택 경주,5,395
P017,메종드문,P034,무궁무진,5,381
P017,메종드문,P035,노키,6,459
P017,메종드문,P036,마카다,8,622
P017,메종드문,P037,황리단 치킨,5,416
P017,메종드문,P038,담요 따뜻한 손길,9,687
P017,메종드문,P039,스컹크웍스,4,309
P017,메종드문,P040,굿즈,3,239
P017,메종드문,P041,샬로우커피 황리단길점,4,326
P017,메종드문,P042,데어벤치,2,176
P017,메종드문,P043,스위피,4,344
P017,메종드문,P044,아르떼,2,189
P017,메종드문,P045,키도트,7,575
P017,메종드문,P046,후프후프,8,634
P017,메종드문,P047,올리브,6,427
P017,메종드문,P048,양지다방,5,385
P017,메종드문,P049,미실카페,6,490
P017,메종드문,P050,햇오프커피,6,464
P017,메종드문,P051,비화커피,5,416
P017,메종드문,P052,오버랩,14,929
P017,메종드문,P053,주돈,13,987
P017,메종드문,P054,서울뒷고기막창,15,1013
P017,메종드문,P055,옐라,16,1237
P017,메종드문,P056,대호당,18,1319
P017,메종드문,P057,사계돈,17,1253
P017,메종드문,P058,황오바오,16,1200
P017,메종드문,P059,시간의 여백,15,1096
P017,메종드문,P060,리커피하우스,13,954
P017,메종드문,P061,로라커피,23,1696
P017,메종드문,P062,소담루,20,1462
P017,메종드문,P063,위주,19,1401
P017,메종드문,P064,크루그,17,1241
P017,메종드문,P065,나봉상점 경주점,17,1307
P017,메종드문,P066,연화,23,1685
P017,메종드문,P067,yesterday,29,2236
P017,메종드문,P068,진수성찬,11,861
P017,메종드문,P069,베이글베이글러,7,567
P017,메종드문,P070,경주 핑크뮬리(경주 핑크뮬리 군락지),12,962
P017,메종드문,P071,경주 교촌마을,11,847
P017,메종드문,P072,경주 황리단길,5,392
P017,메종드문,P073,경주 계림,14,1050
P017,메종드문,P074,월정교,15,1164
P017,메종드문,P075,경주읍성,23,1743
P017,메종드문,P076,경주 첨성대,11,787
P018,풍미갈비찜,P019,황남갈비,3,246
P018,풍미갈비찜,P020,타베르나,2,117
P018,풍미갈비찜,P021,소나무 황리단길본점,4,275
P018,풍미갈비찜,P022,오칼국수,2,194
P018,풍미갈비찜,P023,황남거북이,4,282
P018,풍미갈비찜,P024,그때그소간지,2,178
P018,풍미갈비찜,P025,짚불함박,6,461
P018,풍미갈비찜,P026,향밀,4,285
P018,풍미갈비찜,P027,체크인치즈 황리단길점,0,0
P018,풍미갈비찜,P028,황남역,7,570
P018,풍미갈비찜,P029,황남양옥,4,292
P018,풍미갈비찜,P030,대릉소반,6,488
P018,풍미갈비찜,P031,미포기사식당,5,421
P018,풍미갈비찜,P032,황리화덕가,4,320
P018,풍미갈비찜,P033,향택 경주,5,392
P018,풍미갈비찜,P034,무궁무진,3,220
P018,풍미갈비찜,P035,노키,5,366
P018,풍미갈비찜,P036,마카다,6,450
P018,풍미갈비찜,P037,황리단 치킨,5,413
P018,풍미갈비찜,P038,담요 따뜻한 손길,7,514
P018,풍미갈비찜,P039,스컹크웍스,2,148
P018,풍미갈비찜,P040,굿즈,1,50
P018,풍미갈비찜,P041,샬로우커피 황리단길점,4,324
P018,풍미갈비찜,P042,데어벤치,2,122
P018,풍미갈비찜,P043,스위피,3,214
P018,풍미갈비찜,P044,아르떼,1,99
P018,풍미갈비찜,P045,키도트,7,572
P018,풍미갈비찜,P046,후프후프,8,631
P018,풍미갈비찜,P047,올리브,5,424
P018,풍미갈비찜,P048,양지다방,5,383
P018,풍미갈비찜,P049,미실카페,6,487
P018,풍미갈비찜,P050,햇오프커피,6,461
P018,풍미갈비찜,P051,비화커피,5,361
P018,풍미갈비찜,P052,오버랩,13,926
P018,풍미갈비찜,P053,주돈,13,984
P018,풍미갈비찜,P054,서울뒷고기막창,15,1010
P018,풍미갈비찜,P055,옐라,16,1235
P018,풍미갈비찜,P056,대호당,17,1316
P018,풍미갈비찜,P057,사계돈,16,1250
P018,풍미갈비찜,P058,황오바오,16,1198
P018,풍미갈비찜,P059,시간의 여백,14,1094
P018,풍미갈비찜,P060,리커피하우스,13,951
P018,풍미갈비찜,P061,로라커피,23,1693
P018,풍미갈비찜,P062,소담루,20,1459
P018,풍미갈비찜,P063,위주,19,1398
P018,풍미갈비찜,P064,크루그,17,1238
P018,풍미갈비찜,P065,나봉상점 경주점,17,1304
P018,풍미갈비찜,P066,연화,23,1682
P018,풍미갈비찜,P067,yesterday,29,2183
P018,풍미갈비찜,P068,진수성찬,10,808
P018,풍미갈비찜,P069,베이글베이글러,7,514
P018,풍미갈비찜,P070,경주 핑크뮬리(경주 핑크뮬리 군락지),12,908
P018,풍미갈비찜,P071,경주 교촌마을,10,793
P018,풍미갈비찜,P072,경주 황리단길,5,389
P018,풍미갈비찜,P073,경주 계림,15,1111
P018,풍미갈비찜,P074,월정교,14,1110
P018,풍미갈비찜,P075,경주읍성,23,1740
P018,풍미갈비찜,P076,경주 첨성대,11,847
P019,황남갈비,P020,타베르나,3,216
P019,황남갈비,P021,소나무 황리단길본점,4,311
P019,황남갈비,P022,오칼국수,3,230
P019,황남갈비,P023,황남거북이,5,355
P019,황남갈비,P024,그때그소간지,2,189
P019,황남갈비,P025,짚불함박,9,664
P019,황남갈비,P026,향밀,4,321
P019,황남갈비,P027,체크인치즈 황리단길점,3,246
P019,황남갈비,P028,황남역,10,772
P019,황남갈비,P029,황남양옥,6,436
P019,황남갈비,P030,대릉소반,4,275
P019,황남갈비,P031,미포기사식당,8,624
P019,황남갈비,P032,황리화덕가,7,547
P019,황남갈비,P033,향택 경주,8,595
P019,황남갈비,P034,무궁무진,6,444
P019,황남갈비,P035,노키,8,593
P019,황남갈비,P036,마카다,6,501
P019,황남갈비,P037,황리단 치킨,8,616
P019,황남갈비,P038,담요 따뜻한 손길,7,566
P019,황남갈비,P039,스컹크웍스,5,372
P019,황남갈비,P040,굿즈,3,196
P019,황남갈비,P041,샬로우커피 황리단길점,7,526
P019,황남갈비,P042,데어벤치,2,123
P019,황남갈비,P043,스위피,2,120
P019,황남갈비,P044,아르떼,2,146
P019,황남갈비,P045,키도트,10,775
P019,황남갈비,P046,후프후프,11,834
P019,황남갈비,P047,올리브,8,627
P019,황남갈비,P048,양지다방,8,585
P019,황남갈비,P049,미실카페,9,690
P019,황남갈비,P050,햇오프커피,9,664
P019,황남갈비,P051,비화커피,8,588
P019,황남갈비,P052,오버랩,16,1129
P019,황남갈비,P053,주돈,16,1187
P019,황남갈비,P054,서울뒷고기막창,17,1213
P019,황남갈비,P055,옐라,17,1322
P019,황남갈비,P056,대호당,18,1404
P019,황남갈비,P057,사계돈,17,1337
P019,황남갈비,P058,황오바오,16,1285
P019,황남갈비,P059,시간의 여백,17,1296
P019,황남갈비,P060,리커피하우스,15,1154
P019,황남갈비,P061,로라커피,24,1816
P019,황남갈비,P062,소담루,22,1662
P019,황남갈비,P063,위주,21,1601
P019,황남갈비,P064,크루그,19,1441
P019,황남갈비,P065,나봉상점 경주점,18,1391
P019,황남갈비,P066,연화,21,1580
P019,황남갈비,P067,yesterday,26,1969
P019,황남갈비,P068,진수성찬,8,636
P019,황남갈비,P069,베이글베이글러,4,342
P019,황남갈비,P070,경주 핑크뮬리(경주 핑크뮬리 군락지),9,695
P019,황남갈비,P071,경주 교촌마을,8,622
P019,황남갈비,P072,경주 황리단길,8,592
P019,황남갈비,P073,경주 계림,12,897
P019,황남갈비,P074,월정교,12,939
P019,황남갈비,P075,경주읍성,24,1863
P019,황남갈비,P076,경주 첨성대,8,634
P020,타베르나,P021,소나무 황리단길본점,2,158
P020,타베르나,P022,오칼국수,1,77
P020,타베르나,P023,황남거북이,4,302
P020,타베르나,P024,그때그소간지,3,234
P020,타베르나,P025,짚불함박,6,481
P020,타베르나,P026,향밀,2,168
P020,타베르나,P027,체크인치즈 황리단길점,2,117
P020,타베르나,P028,황남역,8,590
P020,타베르나,P029,황남양옥,4,312
P020,타베르나,P030,대릉소반,6,459
P020,타베르나,P031,미포기사식당,6,441
P020,타베르나,P032,황리화덕가,4,327
P020,타베르나,P033,향택 경주,5,413
P020,타베르나,P034,무궁무진,3,228
P020,타베르나,P035,노키,5,374
P020,타베르나,P036,마카다,4,348
P020,타베르나,P037,황리단 치킨,6,434
P020,타베르나,P038,담요 따뜻한 손길,5,413
P020,타베르나,P039,스컹크웍스,2,156
P020,타베르나,P040,굿즈,1,105
P020,타베르나,P041,샬로우커피 황리단길점,4,344
P020,타베르나,P042,데어벤치,2,170
P020,타베르나,P043,스위피,1,97
P020,타베르나,P044,아르떼,2,155
P020,타베르나,P045,키도트,8,592
P020,타베르나,P046,후프후프,8,651
P020,타베르나,P047,올리브,6,444
P020,타베르나,P048,양지다방,5,403
P020,타베르나,P049,미실카페,7,508
P020,타베르나,P050,햇오프커피,6,481
P020,타베르나,P051,비화커피,5,369
P020,타베르나,P052,오버랩,14,946
P020,타베르나,P053,주돈,13,1005
P020,타베르나,P054,서울뒷고기막창,15,1030
P020,타베르나,P055,옐라,17,1255
P020,타베르나,P056,대호당,18,1337
P020,타베르나,P057,사계돈,17,1270
P020,타베르나,P058,황오바오,16,1218
P020,타베르나,P059,시간의 여백,15,1114
P020,타베르나,P060,리커피하우스,13,971
P020,타베르나,P061,로라커피,23,1713
P020,타베르나,P062,소담루,20,1480
P020,타베르나,P063,위주,19,1419
P020,타베르나,P064,크루그,17,1259
P020,타베르나,P065,나봉상점 경주점,17,1325
P020,타베르나,P066,연화,24,1702
P020,타베르나,P067,yesterday,28,2154
P020,타베르나,P068,진수성찬,10,778
P020,타베르나,P069,베이글베이글러,6,484
P020,타베르나,P070,경주 핑크뮬리(경주 핑크뮬리 군락지),11,879
P020,타베르나,P071,경주 교촌마을,10,764
P020,타베르나,P072,경주 황리단길,5,409
P020,타베르나,P073,경주 계림,14,1082
P020,타베르나,P074,월정교,14,1081
P020,타베르나,P075,경주읍성,24,1760
P020,타베르나,P076,경주 첨성대,11,818
P021,소나무 황리단길본점,P022,오칼국수,2,172
P021,소나무 황리단길본점,P023,황남거북이,6,460
P021,소나무 황리단길본점,P024,그때그소간지,5,392
P021,소나무 황리단길본점,P025,짚불함박,5,421
P021,소나무 황리단길본점,P026,향밀,0,23
P021,소나무 황리단길본점,P027,체크인치즈 황리단길점,4,275
P021,소나무 황리단길본점,P028,황남역,7,527
P021,소나무 황리단길본점,P029,황남양옥,6,437
P021,소나무 황리단길본점,P030,대릉소반,7,554
P021,소나무 황리단길본점,P031,미포기사식당,5,378
P021,소나무 황리단길본점,P032,황리화덕가,3,236
P021,소나무 황리단길본점,P033,향택 경주,4,349
P021,소나무 황리단길본점,P034,무궁무진,2,144
P021,소나무 황리단길본점,P035,노키,4,282
P021,소나무 황리단길본점,P036,마카다,2,190
P021,소나무 황리단길본점,P037,황리단 치킨,5,370
P021,소나무 황리단길본점,P038,담요 따뜻한 손길,3,255
P021,소나무 황리단길본점,P039,스컹크웍스,2,134
P021,소나무 황리단길본점,P040,굿즈,3,263
P021,소나무 황리단길본점,P041,샬로우커피 황리단길점,4,281
P021,소나무 황리단길본점,P042,데어벤치,4,327
P021,소나무 황리단길본점,P043,스위피,2,191
P021,소나무 황리단길본점,P044,아르떼,4,313
P021,소나무 황리단길본점,P045,키도트,7,542
P021,소나무 황리단길본점,P046,후프후프,8,588
P021,소나무 황리단길본점,P047,올리브,5,381
P021,소나무 황리단길본점,P048,양지다방,4,340
P021,소나무 황리단길본점,P049,미실카페,6,444
P021,소나무 황리단길본점,P050,햇오프커피,5,418
P021,소나무 황리단길본점,P051,비화커피,4,278
P021,소나무 황리단길본점,P052,오버랩,13,879
P021,소나무 황리단길본점,P053,주돈,12,941
P021,소나무 황리단길본점,P054,서울뒷고기막창,14,963
P021,소나무 황리단길본점,P055,옐라,16,1192
P021,소나무 황리단길본점,P056,대호당,17,1274
P021,소나무 황리단길본점,P057,사계돈,16,1207
P021,소나무 황리단길본점,P058,황오바오,15,1155
P021,소나무 황리단길본점,P059,시간의 여백,14,1051
P021,소나무 황리단길본점,P060,리커피하우스,12,908
P021,소나무 황리단길본점,P061,로라커피,22,1650
P021,소나무 황리단길본점,P062,소담루,19,1416
P021,소나무 황리단길본점,P063,위주,18,1355
P021,소나무 황리단길본점,P064,크루그,16,1196
P021,소나무 황리단길본점,P065,나봉상점 경주점,17,1261
P021,소나무 황리단길본점,P066,연화,23,1639
P021,소나무 황리단길본점,P067,yesterday,29,2248
P021,소나무 황리단길본점,P068,진수성찬,11,873
P021,소나무 황리단길본점,P069,베이글베이글러,7,579
P021,소나무 황리단길본점,P070,경주 핑크뮬리(경주 핑크뮬리 군락지),12,974
P021,소나무 황리단길본점,P071,경주 교촌마을,11,858
P021,소나무 황리단길본점,P072,경주 황리단길,4,346
P021,소나무 황리단길본점,P073,경주 계림,16,1176
P021,소나무 황리단길본점,P074,월정교,15,1176
P021,소나무 황리단길본점,P075,경주읍성,23,1697
P021,소나무 황리단길본점,P076,경주 첨성대,12,913
P022,오칼국수,P023,황남거북이,5,380
P022,오칼국수,P024,그때그소간지,4,312
P022,오칼국수,P025,짚불함박,7,559
P022,오칼국수,P026,향밀,2,182
P022,오칼국수,P027,체크인치즈 황리단길점,2,194
P022,오칼국수,P028,황남역,9,667
P022,오칼국수,P029,황남양옥,5,390
P022,오칼국수,P030,대릉소반,6,473
P022,오칼국수,P031,미포기사식당,7,519
P022,오칼국수,P032,황리화덕가,5,408
P022,오칼국수,P033,향택 경주,6,490
P022,오칼국수,P034,무궁무진,4,305
P022,오칼국수,P035,노키,6,454
P022,오칼국수,P036,마카다,4,300
P022,오칼국수,P037,황리단 치킨,7,511
P022,오칼국수,P038,담요 따뜻한 손길,5,410
P022,오칼국수,P039,스컹크웍스,3,233
P022,오칼국수,P040,굿즈,2,183
P022,오칼국수,P041,샬로우커피 황리단길점,5,421
P022,오칼국수,P042,데어벤치,3,247
P022,오칼국수,P043,스위피,1,111
P022,오칼국수,P044,아르떼,3,232
P022,오칼국수,P045,키도트,9,670
P022,오칼국수,P046,후프후프,9,728
P022,오칼국수,P047,올리브,7,522
P022,오칼국수,P048,양지다방,6,480
P022,오칼국수,P049,미실카페,8,585
P022,오칼국수,P050,햇오프커피,7,559
P022,오칼국수,P051,비화커피,6,450
P022,오칼국수,P052,오버랩,15,1051
P022,오칼국수,P053,주돈,14,1082
P022,오칼국수,P054,서울뒷고기막창,16,1135
P022,오칼국수,P055,옐라,18,1332
P022,오칼국수,P056,대호당,19,1414
P022,오칼국수,P057,사계돈,18,1348
P022,오칼국수,P058,황오바오,17,1296
P022,오칼국수,P059,시간의 여백,16,1191
P022,오칼국수,P060,리커피하우스,14,1049
P022,오칼국수,P061,로라커피,24,1791
P022,오칼국수,P062,소담루,21,1557
P022,오칼국수,P063,위주,20,1496
P022,오칼국수,P064,크루그,18,1336
P022,오칼국수,P065,나봉상점 경주점,18,1402
P022,오칼국수,P066,연화,25,1780
P022,오칼국수,P067,yesterday,28,2168
P022,오칼국수,P068,진수성찬,10,745
P022,오칼국수,P069,베이글베이글러,6,451
P022,오칼국수,P070,경주 핑크뮬리(경주 핑크뮬리 군락지),11,893
P022,오칼국수,P071,경주 교촌마을,9,731
P022,오칼국수,P072,경주 황리단길,6,486
P022,오칼국수,P073,경주 계림,15,1096
P022,오칼국수,P074,월정교,13,1048
P022,오칼국수,P075,경주읍성,25,1838
P022,오칼국수,P076,경주 첨성대,11,832
P023,황남거북이,P024,그때그소간지,3,244
P023,황남거북이,P025,짚불함박,4,320
P023,황남거북이,P026,향밀,6,470
P023,황남거북이,P027,체크인치즈 황리단길점,4,282
P023,황남거북이,P028,황남역,4,314
P023,황남거북이,P029,황남양옥,1,81
P023,황남거북이,P030,대릉소반,6,434
P023,황남거북이,P031,미포기사식당,4,290
P023,황남거북이,P032,황리화덕가,6,469
P023,황남거북이,P033,향택 경주,4,301
P023,황남거북이,P034,무궁무진,5,352
P023,황남거북이,P035,노키,6,419
P023,황남거북이,P036,마카다,8,582
P023,황남거북이,P037,황리단 치킨,5,376
P023,황남거북이,P038,담요 따뜻한 손길,8,646
P023,황남거북이,P039,스컹크웍스,4,334
P023,황남거북이,P040,굿즈,4,295
P023,황남거북이,P041,샬로우커피 황리단길점,4,286
P023,황남거북이,P042,데어벤치,3,232
P023,황남거북이,P043,스위피,5,400
P023,황남거북이,P044,아르떼,3,245
P023,황남거북이,P045,키도트,4,330
P023,황남거북이,P046,후프후프,6,449
P023,황남거북이,P047,올리브,4,293
P023,황남거북이,P048,양지다방,4,286
P023,황남거북이,P049,미실카페,5,369
P023,황남거북이,P050,햇오프커피,5,378
P023,황남거북이,P051,비화커피,5,376
P023,황남거북이,P052,오버랩,12,784
P023,황남거북이,P053,주돈,10,728
P023,황남거북이,P054,서울뒷고기막창,12,845
P023,황남거북이,P055,옐라,13,979
P023,황남거북이,P056,대호당,14,1061
P023,황남거북이,P057,사계돈,13,994
P023,황남거북이,P058,황오바오,13,942
P023,황남거북이,P059,시간의 여백,11,838
P023,황남거북이,P060,리커피하우스,10,695
P023,황남거북이,P061,로라커피,20,1437
P023,황남거북이,P062,소담루,17,1203
P023,황남거북이,P063,위주,16,1142
P023,황남거북이,P064,크루그,14,983
P023,황남거북이,P065,나봉상점 경주점,14,1048
P023,황남거북이,P066,연화,20,1426
P023,황남거북이,P067,yesterday,28,2078
P023,황남거북이,P068,진수성찬,12,917
P023,황남거북이,P069,베이글베이글러,8,623
P023,황남거북이,P070,경주 핑크뮬리(경주 핑크뮬리 군락지),11,859
P023,황남거북이,P071,경주 교촌마을,12,903
P023,황남거북이,P072,경주 황리단길,3,210
P023,황남거북이,P073,경주 계림,15,1062
P023,황남거북이,P074,월정교,16,1220
P023,황남거북이,P075,경주읍성,20,1484
P023,황남거북이,P076,경주 첨성대,11,798
P024,그때그소간지,P025,짚불함박,7,553
P024,그때그소간지,P026,향밀,5,402
P024,그때그소간지,P027,체크인치즈 황리단길점,2,178
P024,그때그소간지,P028,황남역,9,661
P024,그때그소간지,P029,황남양옥,4,325
P024,그때그소간지,P030,대릉소반,3,249
P024,그때그소간지,P031,미포기사식당,7,513
P024,그때그소간지,P032,황리화덕가,6,488
P024,그때그소간지,P033,향택 경주,6,484
P024,그때그소간지,P034,무궁무진,5,389
P024,그때그소간지,P035,노키,7,548
P024,그때그소간지,P036,마카다,8,582
P024,그때그소간지,P037,황리단 치킨,7,505
P024,그때그소간지,P038,담요 따뜻한 손길,8,647
P024,그때그소간지,P039,스컹크웍스,4,317
P024,그때그소간지,P040,굿즈,2,129
P024,그때그소간지,P041,샬로우커피 황리단길점,5,415
P024,그때그소간지,P042,데어벤치,1,66
P024,그때그소간지,P043,스위피,3,234
P024,그때그소간지,P044,아르떼,1,79
P024,그때그소간지,P045,키도트,9,664
P024,그때그소간지,P046,후프후프,9,722
P024,그때그소간지,P047,올리브,7,515
P024,그때그소간지,P048,양지다방,6,474
P024,그때그소간지,P049,미실카페,7,579
P024,그때그소간지,P050,햇오프커피,7,553
P024,그때그소간지,P051,비화커피,7,505
P024,그때그소간지,P052,오버랩,15,1018
P024,그때그소간지,P053,주돈,14,1076
P024,그때그소간지,P054,서울뒷고기막창,16,1101
P024,그때그소간지,P055,옐라,16,1177
P024,그때그소간지,P056,대호당,17,1259
P024,그때그소간지,P057,사계돈,16,1192
P024,그때그소간지,P058,황오바오,15,1140
P024,그때그소간지,P059,시간의 여백,16,1185
P024,그때그소간지,P060,리커피하우스,14,1042
P024,그때그소간지,P061,로라커피,22,1671
P024,그때그소간지,P062,소담루,21,1551
P024,그때그소간지,P063,위주,20,1490
P024,그때그소간지,P064,크루그,18,1330
P024,그때그소간지,P065,나봉상점 경주점,17,1247
P024,그때그소간지,P066,연화,21,1466
P024,그때그소간지,P067,yesterday,26,1987
P024,그때그소간지,P068,진수성찬,10,751
P024,그때그소간지,P069,베이글베이글러,6,457
P024,그때그소간지,P070,경주 핑크뮬리(경주 핑크뮬리 군락지),9,713
P024,그때그소간지,P071,경주 교촌마을,10,737
P024,그때그소간지,P072,경주 황리단길,6,480
P024,그때그소간지,P073,경주 계림,12,915
P024,그때그소간지,P074,월정교,14,1054
P024,그때그소간지,P075,경주읍성,23,1718
P024,그때그소간지,P076,경주 첨성대,9,652
P025,짚불함박,P026,향밀,6,444
P025,짚불함박,P027,체크인치즈 황리단길점,6,461
P025,짚불함박,P028,황남역,2,144
P025,짚불함박,P029,황남양옥,4,303
P025,짚불함박,P030,대릉소반,10,788
P025,짚불함박,P031,미포기사식당,1,40
P025,짚불함박,P032,황리화덕가,5,382
P025,짚불함박,P033,향택 경주,1,109
P025,짚불함박,P034,무궁무진,4,320
P025,짚불함박,P035,노키,4,331
P025,짚불함박,P036,마카다,7,550
P025,짚불함박,P037,황리단 치킨,2,166
P025,짚불함박,P038,담요 따뜻한 손길,8,614
P025,짚불함박,P039,스컹크웍스,5,349
P025,짚불함박,P040,굿즈,7,514
P025,짚불함박,P041,샬로우커피 황리단길점,3,204
P025,짚불함박,P042,데어벤치,7,541
P025,짚불함박,P043,스위피,7,578
P025,짚불함박,P044,아르떼,7,554
P025,짚불함박,P045,키도트,2,128
P025,짚불함박,P046,후프후프,2,187
P025,짚불함박,P047,올리브,1,82
P025,짚불함박,P048,양지다방,1,78
P025,짚불함박,P049,미실카페,1,43
P025,짚불함박,P050,햇오프커피,2,166
P025,짚불함박,P051,비화커피,4,288
P025,짚불함박,P052,오버랩,8,514
P025,짚불함박,P053,주돈,8,589
P025,짚불함박,P054,서울뒷고기막창,8,584
P025,짚불함박,P055,옐라,11,839
P025,짚불함박,P056,대호당,12,921
P025,짚불함박,P057,사계돈,11,854
P025,짚불함박,P058,황오바오,11,802
P025,짚불함박,P059,시간의 여백,9,698
P025,짚불함박,P060,리커피하우스,8,555
P025,짚불함박,P061,로라커피,18,1297
P025,짚불함박,P062,소담루,15,1064
P025,짚불함박,P063,위주,14,1003
P025,짚불함박,P064,크루그,12,843
P025,짚불함박,P065,나봉상점 경주점,12,909
P025,짚불함박,P066,연화,18,1286
P025,짚불함박,P067,yesterday,26,1939
P025,짚불함박,P068,진수성찬,16,1226
P025,짚불함박,P069,베이글베이글러,12,932
P025,짚불함박,P070,경주 핑크뮬리(경주 핑크뮬리 군락지),17,1326
P025,짚불함박,P071,경주 교촌마을,16,1211
P025,짚불함박,P072,경주 황리단길,1,110
P025,짚불함박,P073,경주 계림,22,1733
P025,짚불함박,P074,월정교,20,1529
P025,짚불함박,P075,경주읍성,18,1344
P025,짚불함박,P076,경주 첨성대,18,1469
P026,향밀,P027,체크인치즈 황리단길점,4,285
P026,향밀,P028,황남역,7,549
P026,향밀,P029,황남양옥,6,481
P026,향밀,P030,대릉소반,7,564
P026,향밀,P031,미포기사식당,5,401
P026,향밀,P032,황리화덕가,3,259
P026,향밀,P033,향택 경주,5,372
P026,향밀,P034,무궁무진,2,166
P026,향밀,P035,노키,4,305
P026,향밀,P036,마카다,3,213
P026,향밀,P037,황리단 치킨,5,393
P026,향밀,P038,담요 따뜻한 손길,4,278
P026,향밀,P039,스컹크웍스,2,144
P026,향밀,P040,굿즈,4,274
P026,향밀,P041,샬로우커피 황리단길점,4,303
P026,향밀,P042,데어벤치,4,338
P026,향밀,P043,스위피,3,202
P026,향밀,P044,아르떼,4,323
P026,향밀,P045,키도트,7,565
P026,향밀,P046,후프후프,8,610
P026,향밀,P047,올리브,5,404
P026,향밀,P048,양지다방,5,362
P026,향밀,P049,미실카페,6,467
P026,향밀,P050,햇오프커피,6,441
P026,향밀,P051,비화커피,4,300
P026,향밀,P052,오버랩,14,902
P026,향밀,P053,주돈,13,964
P026,향밀,P054,서울뒷고기막창,15,986
P026,향밀,P055,옐라,16,1214
P026,향밀,P056,대호당,17,1296
P026,향밀,P057,사계돈,16,1230
P026,향밀,P058,황오바오,16,1177
P026,향밀,P059,시간의 여백,14,1073
P026,향밀,P060,리커피하우스,12,930
P026,향밀,P061,로라커피,23,1673
P026,향밀,P062,소담루,19,1439
P026,향밀,P063,위주,19,1378
P026,향밀,P064,크루그,16,1218
P026,향밀,P065,나봉상점 경주점,17,1284
P026,향밀,P066,연화,23,1662
P026,향밀,P067,yesterday,30,2258
P026,향밀,P068,진수성찬,11,883
P026,향밀,P069,베이글베이글러,8,589
P026,향밀,P070,경주 핑크뮬리(경주 핑크뮬리 군락지),13,984
P026,향밀,P071,경주 교촌마을,11,869
P026,향밀,P072,경주 황리단길,5,368
P026,향밀,P073,경주 계림,16,1186
P026,향밀,P074,월정교,15,1186
P026,향밀,P075,경주읍성,23,1720
P026,향밀,P076,경주 첨성대,12,923
P027,체크인치즈 황리단길점,P028,황남역,7,570
P027,체크인치즈 황리단길점,P029,황남양옥,4,292
P027,체크인치즈 황리단길점,P030,대릉소반,6,488
P027,체크인치즈 황리단길점,P031,미포기사식당,5,421
P027,체크인치즈 황리단길점,P032,황리화덕가,4,320
P027,체크인치즈 황리단길점,P033,향택 경주,5,392
P027,체크인치즈 황리단길점,P034,무궁무진,3,220
P027,체크인치즈 황리단길점,P035,노키,5,366
P027,체크인치즈 황리단길점,P036,마카다,6,450
P027,체크인치즈 황리단길점,P037,황리단 치킨,5,413
P027,체크인치즈 황리단길점,P038,담요 따뜻한 손길,7,514
P027,체크인치즈 황리단길점,P039,스컹크웍스,2,148
P027,체크인치즈 황리단길점,P040,굿즈,1,50
P027,체크인치즈 황리단길점,P041,샬로우커피 황리단길점,4,324
P027,체크인치즈 황리단길점,P042,데어벤치,2,122
P027,체크인치즈 황리단길점,P043,스위피,3,214
P027,체크인치즈 황리단길점,P044,아르떼,1,99
P027,체크인치즈 황리단길점,P045,키도트,7,572
P027,체크인치즈 황리단길점,P046,후프후프,8,631
P027,체크인치즈 황리단길점,P047,올리브,5,424
P027,체크인치즈 황리단길점,P048,양지다방,5,383
P027,체크인치즈 황리단길점,P049,미실카페,6,487
P027,체크인치즈 황리단길점,P050,햇오프커피,6,461
P027,체크인치즈 황리단길점,P051,비화커피,5,361
P027,체크인치즈 황리단길점,P052,오버랩,13,926
P027,체크인치즈 황리단길점,P053,주돈,13,984
P027,체크인치즈 황리단길점,P054,서울뒷고기막창,15,1010
P027,체크인치즈 황리단길점,P055,옐라,16,1235
P027,체크인치즈 황리단길점,P056,대호당,17,1316
P027,체크인치즈 황리단길점,P057,사계돈,16,1250
P027,체크인치즈 황리단길점,P058,황오바오,16,1198
P027,체크인치즈 황리단길점,P059,시간의 여백,14,1094
P027,체크인치즈 황리단길점,P060,리커피하우스,13,951
P027,체크인치즈 황리단길점,P061,로라커피,23,1693
P027,체크인치즈 황리단길점,P062,소담루,20,1459
P027,체크인치즈 황리단길점,P063,위주,19,1398
P027,체크인치즈 황리단길점,P064,크루그,17,1238
P027,체크인치즈 황리단길점,P065,나봉상점 경주점,17,1304
P027,체크인치즈 황리단길점,P066,연화,23,1682
P027,체크인치즈 황리단길점,P067,yesterday,29,2183
P027,체크인치즈 황리단길점,P068,진수성찬,10,808
P027,체크인치즈 황리단길점,P069,베이글베이글러,7,514
P027,체크인치즈 황리단길점,P070,경주 핑크뮬리(경주 핑크뮬리 군락지),12,908
P027,체크인치즈 황리단길점,P071,경주 교촌마을,10,793
P027,체크인치즈 황리단길점,P072,경주 황리단길,5,389
P027,체크인치즈 황리단길점,P073,경주 계림,15,1111
P027,체크인치즈 황리단길점,P074,월정교,14,1110
P027,체크인치즈 황리단길점,P075,경주읍성,23,1740
P027,체크인치즈 황리단길점,P076,경주 첨성대,11,847
P028,황남역,P029,황남양옥,5,353
P028,황남역,P030,대릉소반,14,1116
P028,황남역,P031,미포기사식당,2,167
P028,황남역,P032,황리화덕가,7,519
P028,황남역,P033,향택 경주,3,236
P028,황남역,P034,무궁무진,5,426
P028,황남역,P035,노키,6,458
P028,황남역,P036,마카다,8,655
P028,황남역,P037,황리단 치킨,4,293
P028,황남역,P038,담요 따뜻한 손길,9,720
P028,황남역,P039,스컹크웍스,6,455
P028,황남역,P040,굿즈,8,622
P028,황남역,P041,샬로우커피 황리단길점,4,310
P028,황남역,P042,데어벤치,8,649
P028,황남역,P043,스위피,9,687
P028,황남역,P044,아르떼,8,662
P028,황남역,P045,키도트,0,16
P028,황남역,P046,후프후프,2,142
P028,황남역,P047,올리브,3,208
P028,황남역,P048,양지다방,3,205
P028,황남역,P049,미실카페,2,127
P028,황남역,P050,햇오프커피,4,293
P028,황남역,P051,비화커피,5,415
P028,황남역,P052,오버랩,8,469
P028,황남역,P053,주돈,6,466
P028,황남역,P054,서울뒷고기막창,8,539
P028,황남역,P055,옐라,10,716
P028,황남역,P056,대호당,11,798
P028,황남역,P057,사계돈,10,732
P028,황남역,P058,황오바오,9,679
P028,황남역,P059,시간의 여백,8,575
P028,황남역,P060,리커피하우스,6,432
P028,황남역,P061,로라커피,16,1175
P028,황남역,P062,소담루,13,941
P028,황남역,P063,위주,12,880
P028,황남역,P064,크루그,10,720
P028,황남역,P065,나봉상점 경주점,11,786
P028,황남역,P066,연화,17,1164
P028,황남역,P067,yesterday,25,1816
P028,황남역,P068,진수성찬,17,1334
P028,황남역,P069,베이글베이글러,13,1040
P028,황남역,P070,경주 핑크뮬리(경주 핑크뮬리 군락지),17,1408
P028,황남역,P071,경주 교촌마을,17,1320
P028,황남역,P072,경주 황리단길,3,216
P028,황남역,P073,경주 계림,20,1610
P028,황남역,P074,월정교,21,1637
P028,황남역,P075,경주읍성,17,1222
P028,황남역,P076,경주 첨성대,17,1347
P029,황남양옥,P030,대릉소반,7,515
P029,황남양옥,P031,미포기사식당,4,274
P029,황남양옥,P032,황리화덕가,6,453
P029,황남양옥,P033,향택 경주,4,284
P029,황남양옥,P034,무궁무진,5,336
P029,황남양옥,P035,노키,5,402
P029,황남양옥,P036,마카다,7,565
P029,황남양옥,P037,황리단 치킨,5,360
P029,황남양옥,P038,담요 따뜻한 손길,8,630
P029,황남양옥,P039,스컹크웍스,5,344
P029,황남양옥,P040,굿즈,5,345
P029,황남양옥,P041,샬로우커피 황리단길점,4,270
P029,황남양옥,P042,데어벤치,4,313
P029,황남양옥,P043,스위피,5,409
P029,황남양옥,P044,아르떼,4,326
P029,황남양옥,P045,키도트,5,369
P029,황남양옥,P046,후프후프,6,488
P029,황남양옥,P047,올리브,4,277
P029,황남양옥,P048,양지다방,4,270
P029,황남양옥,P049,미실카페,5,340
P029,황남양옥,P050,햇오프커피,5,362
P029,황남양옥,P051,비화커피,5,360
P029,황남양옥,P052,오버랩,12,823
P029,황남양옥,P053,주돈,11,768
P029,황남양옥,P054,서울뒷고기막창,12,884
P029,황남양옥,P055,옐라,14,1018
P029,황남양옥,P056,대호당,15,1100
P029,황남양옥,P057,사계돈,14,1033
P029,황남양옥,P058,황오바오,13,981
P029,황남양옥,P059,시간의 여백,12,877
P029,황남양옥,P060,리커피하우스,10,734
P029,황남양옥,P061,로라커피,20,1476
P029,황남양옥,P062,소담루,17,1242
P029,황남양옥,P063,위주,16,1182
P029,황남양옥,P064,크루그,14,1022
P029,황남양옥,P065,나봉상점 경주점,15,1088
P029,황남양옥,P066,연화,21,1465
P029,황남양옥,P067,yesterday,29,2118
P029,황남양옥,P068,진수성찬,13,998
P029,황남양옥,P069,베이글베이글러,9,704
P029,황남양옥,P070,경주 핑크뮬리(경주 핑크뮬리 군락지),12,940
P029,황남양옥,P071,경주 교촌마을,13,984
P029,황남양옥,P072,경주 황리단길,3,193
P029,황남양옥,P073,경주 계림,16,1143
P029,황남양옥,P074,월정교,17,1301
P029,황남양옥,P075,경주읍성,21,1523
P029,황남양옥,P076,경주 첨성대,12,879
P030,대릉소반,P031,미포기사식당,10,748
P030,대릉소반,P032,황리화덕가,10,790
P030,대릉소반,P033,향택 경주,10,719
P030,대릉소반,P034,무궁무진,9,687
P030,대릉소반,P035,노키,11,836
P030,대릉소반,P036,마카다,10,766
P030,대릉소반,P037,황리단 치킨,10,740
P030,대릉소반,P038,담요 따뜻한 손길,11,809
P030,대릉소반,P039,스컹크웍스,8,615
P030,대릉소반,P040,굿즈,6,439
P030,대릉소반,P041,샬로우커피 황리단길점,9,650
P030,대릉소반,P042,데어벤치,5,366
P030,대릉소반,P043,스위피,5,363
P030,대릉소반,P044,아르떼,5,389
P030,대릉소반,P045,키도트,14,1132
P030,대릉소반,P046,후프후프,15,1168
P030,대릉소반,P047,올리브,10,750
P030,대릉소반,P048,양지다방,9,709
P030,대릉소반,P049,미실카페,11,814
P030,대릉소반,P050,햇오프커피,11,788
P030,대릉소반,P051,비화커피,10,740
P030,대릉소반,P052,오버랩,20,1483
P030,대릉소반,P053,주돈,17,1317
P030,대릉소반,P054,서울뒷고기막창,20,1554
P030,대릉소반,P055,옐라,13,1010
P030,대릉소반,P056,대호당,14,1092
P030,대릉소반,P057,사계돈,14,1026
P030,대릉소반,P058,황오바오,13,973
P030,대릉소반,P059,시간의 여백,18,1448
P030,대릉소반,P060,리커피하우스,16,1237
P030,대릉소반,P061,로라커피,20,1505
P030,대릉소반,P062,소담루,23,1789
P030,대릉소반,P063,위주,22,1728
P030,대릉소반,P064,크루그,20,1568
P030,대릉소반,P065,나봉상점 경주점,14,1080
P030,대릉소반,P066,연화,18,1300
P030,대릉소반,P067,yesterday,23,1775
P030,대릉소반,P068,진수성찬,10,728
P030,대릉소반,P069,베이글베이글러,7,508
P030,대릉소반,P070,경주 핑크뮬리(경주 핑크뮬리 군락지),6,500
P030,대릉소반,P071,경주 교촌마을,9,714
P030,대릉소반,P072,경주 황리단길,10,715
P030,대릉소반,P073,경주 계림,10,703
P030,대릉소반,P074,월정교,13,1031
P030,대릉소반,P075,경주읍성,21,1552
P030,대릉소반,P076,경주 첨성대,6,439
P031,미포기사식당,P032,황리화덕가,4,342
P031,미포기사식당,P033,향택 경주,1,69
P031,미포기사식당,P034,무궁무진,4,277
P031,미포기사식당,P035,노키,4,291
P031,미포기사식당,P036,마카다,6,506
P031,미포기사식당,P037,황리단 치킨,2,126
P031,미포기사식당,P038,담요 따뜻한 손길,7,571
P031,미포기사식당,P039,스컹크웍스,4,306
P031,미포기사식당,P040,굿즈,6,474
P031,미포기사식당,P041,샬로우커피 황리단길점,2,174
P031,미포기사식당,P042,데어벤치,6,501
P031,미포기사식당,P043,스위피,7,538
P031,미포기사식당,P044,아르떼,7,514
P031,미포기사식당,P045,키도트,2,151
P031,미포기사식당,P046,후프후프,3,210
P031,미포기사식당,P047,올리브,1,42
P031,미포기사식당,P048,양지다방,0,38
P031,미포기사식당,P049,미실카페,1,66
P031,미포기사식당,P050,햇오프커피,2,126
P031,미포기사식당,P051,비화커피,3,248
P031,미포기사식당,P052,오버랩,9,537
P031,미포기사식당,P053,주돈,9,633
P031,미포기사식당,P054,서울뒷고기막창,8,607
P031,미포기사식당,P055,옐라,12,883
P031,미포기사식당,P056,대호당,13,965
P031,미포기사식당,P057,사계돈,12,899
P031,미포기사식당,P058,황오바오,11,846
P031,미포기사식당,P059,시간의 여백,10,742
P031,미포기사식당,P060,리커피하우스,8,599
P031,미포기사식당,P061,로라커피,18,1342
P031,미포기사식당,P062,소담루,15,1108
P031,미포기사식당,P063,위주,14,1047
P031,미포기사식당,P064,크루그,12,887
P031,미포기사식당,P065,나봉상점 경주점,13,953
P031,미포기사식당,P066,연화,19,1330
P031,미포기사식당,P067,yesterday,27,1983
P031,미포기사식당,P068,진수성찬,15,1186
P031,미포기사식당,P069,베이글베이글러,11,892
P031,미포기사식당,P070,경주 핑크뮬리(경주 핑크뮬리 군락지),16,1286
P031,미포기사식당,P071,경주 교촌마을,15,1171
P031,미포기사식당,P072,경주 황리단길,1,81
P031,미포기사식당,P073,경주 계림,18,1375
P031,미포기사식당,P074,월정교,19,1489
P031,미포기사식당,P075,경주읍성,19,1389
P031,미포기사식당,P076,경주 첨성대,15,1112
P032,황리화덕가,P033,향택 경주,3,255
P032,황리화덕가,P034,무궁무진,1,99
P032,황리화덕가,P035,노키,1,98
P032,황리화덕가,P036,마카다,5,365
P032,황리화덕가,P037,황리단 치킨,3,198
P032,황리화덕가,P038,담요 따뜻한 손길,4,344
P032,황리화덕가,P039,스컹크웍스,2,171
P032,황리화덕가,P040,굿즈,5,360
P032,황리화덕가,P041,샬로우커피 황리단길점,4,279
P032,황리화덕가,P042,데어벤치,6,432
P032,황리화덕가,P043,스위피,6,427
P032,황리화덕가,P044,아르떼,5,409
P032,황리화덕가,P045,키도트,6,503
P032,황리화덕가,P046,후프후프,7,559
P032,황리화덕가,P047,올리브,4,344
P032,황리화덕가,P048,양지다방,4,303
P032,황리화덕가,P049,미실카페,5,408
P032,황리화덕가,P050,햇오프커피,3,234
P032,황리화덕가,P051,비화커피,1,93
P032,황리화덕가,P052,오버랩,10,648
P032,황리화덕가,P053,주돈,14,1048
P032,황리화덕가,P054,서울뒷고기막창,11,732
P032,황리화덕가,P055,옐라,16,1190
P032,황리화덕가,P056,대호당,17,1272
P032,황리화덕가,P057,사계돈,16,1206
P032,황리화덕가,P058,황오바오,15,1154
P032,황리화덕가,P059,시간의 여백,15,1157
P032,황리화덕가,P060,리커피하우스,13,1015
P032,황리화덕가,P061,로라커피,22,1649
P032,황리화덕가,P062,소담루,22,1599
P032,황리화덕가,P063,위주,21,1464
P032,황리화덕가,P064,크루그,19,1355
P032,황리화덕가,P065,나봉상점 경주점,17,1260
P032,황리화덕가,P066,연화,23,1638
P032,황리화덕가,P067,yesterday,31,2290
P032,황리화덕가,P068,진수성찬,14,1109
P032,황리화덕가,P069,베이글베이글러,10,815
P032,황리화덕가,P070,경주 핑크뮬리(경주 핑크뮬리 군락지),16,1210
P032,황리화덕가,P071,경주 교촌마을,14,1095
P032,황리화덕가,P072,경주 황리단길,5,344
P032,황리화덕가,P073,경주 계림,19,1412
P032,황리화덕가,P074,월정교,18,1412
P032,황리화덕가,P075,경주읍성,23,1696
P032,황리화덕가,P076,경주 첨성대,15,1149
P033,향택 경주,P034,무궁무진,3,249
P033,향택 경주,P035,노키,3,204
P033,향택 경주,P036,마카다,6,478
P033,향택 경주,P037,황리단 치킨,1,57
P033,향택 경주,P038,담요 따뜻한 손길,7,543
P033,향택 경주,P039,스컹크웍스,4,278
P033,향택 경주,P040,굿즈,6,445
P033,향택 경주,P041,샬로우커피 황리단길점,2,154
P033,향택 경주,P042,데어벤치,6,472
P033,향택 경주,P043,스위피,7,509
P033,향택 경주,P044,아르떼,6,485
P033,향택 경주,P045,키도트,3,220
P033,향택 경주,P046,후프후프,4,279
P033,향택 경주,P047,올리브,1,72
P033,향택 경주,P048,양지다방,0,30
P033,향택 경주,P049,미실카페,2,135
P033,향택 경주,P050,햇오프커피,2,157
P033,향택 경주,P051,비화커피,2,162
P033,향택 경주,P052,오버랩,10,606
P033,향택 경주,P053,주돈,9,687
P033,향택 경주,P054,서울뒷고기막창,9,676
P033,향택 경주,P055,옐라,13,937
P033,향택 경주,P056,대호당,14,1019
P033,향택 경주,P057,사계돈,13,952
P033,향택 경주,P058,황오바오,12,900
P033,향택 경주,P059,시간의 여백,11,796
P033,향택 경주,P060,리커피하우스,9,653
P033,향택 경주,P061,로라커피,19,1395
P033,향택 경주,P062,소담루,16,1161
P033,향택 경주,P063,위주,15,1101
P033,향택 경주,P064,크루그,13,941
P033,향택 경주,P065,나봉상점 경주점,13,1007
P033,향택 경주,P066,연화,20,1384
P033,향택 경주,P067,yesterday,28,2036
P033,향택 경주,P068,진수성찬,15,1157
P033,향택 경주,P069,베이글베이글러,11,863
P033,향택 경주,P070,경주 핑크뮬리(경주 핑크뮬리 군락지),16,1258
P033,향택 경주,P071,경주 교촌마을,15,1143
P033,향택 경주,P072,경주 황리단길,1,91
P033,향택 경주,P073,경주 계림,18,1346
P033,향택 경주,P074,월정교,19,1460
P033,향택 경주,P075,경주읍성,20,1442
P033,향택 경주,P076,경주 첨성대,14,1083
P034,무궁무진,P035,노키,2,146
P034,무궁무진,P036,마카다,4,272
P034,무궁무진,P037,황리단 치킨,3,246
P034,무궁무진,P038,담요 따뜻한 손길,4,337
P034,무궁무진,P039,스컹크웍스,1,72
P034,무궁무진,P040,굿즈,3,260
P034,무궁무진,P041,샬로우커피 황리단길점,2,180
P034,무궁무진,P042,데어벤치,4,333
P034,무궁무진,P043,스위피,4,324
P034,무궁무진,P044,아르떼,4,310
P034,무궁무진,P045,키도트,6,442
P034,무궁무진,P046,후프후프,6,487
P034,무궁무진,P047,올리브,4,280
P034,무궁무진,P048,양지다방,3,239
P034,무궁무진,P049,미실카페,4,344
P034,무궁무진,P050,햇오프커피,4,282
P034,무궁무진,P051,비화커피,2,141
P034,무궁무진,P052,오버랩,11,747
P034,무궁무진,P053,주돈,11,841
P034,무궁무진,P054,서울뒷고기막창,12,830
P034,무궁무진,P055,옐라,15,1091
P034,무궁무진,P056,대호당,16,1173
P034,무궁무진,P057,사계돈,15,1106
P034,무궁무진,P058,황오바오,14,1054
P034,무궁무진,P059,시간의 여백,13,950
P034,무궁무진,P060,리커피하우스,11,807
P034,무궁무진,P061,로라커피,21,1549
P034,무궁무진,P062,소담루,18,1316
P034,무궁무진,P063,위주,17,1255
P034,무궁무진,P064,크루그,15,1095
P034,무궁무진,P065,나봉상점 경주점,15,1161
P034,무궁무진,P066,연화,22,1538
P034,무궁무진,P067,yesterday,30,2191
P034,무궁무진,P068,진수성찬,13,1006
P034,무궁무진,P069,베이글베이글러,9,712
P034,무궁무진,P070,경주 핑크뮬리(경주 핑크뮬리 군락지),14,1107
P034,무궁무진,P071,경주 교촌마을,13,992
P034,무궁무진,P072,경주 황리단길,3,245
P034,무궁무진,P073,경주 계림,17,1309
P034,무궁무진,P074,월정교,17,1309
P034,무궁무진,P075,경주읍성,22,1596
P034,무궁무진,P076,경주 첨성대,14,1046
P035,노키,P036,마카다,5,411
P035,노키,P037,황리단 치킨,2,147
P035,노키,P038,담요 따뜻한 손길,4,337
P035,노키,P039,스컹크웍스,3,218
P035,노키,P040,굿즈,5,406
P035,노키,P041,샬로우커피 황리단길점,3,246
P035,노키,P042,데어벤치,6,479
P035,노키,P043,스위피,6,474
P035,노키,P044,아르떼,6,456
P035,노키,P045,키도트,6,442
P035,노키,P046,후프후프,7,560
P035,노키,P047,올리브,4,294
P035,노키,P048,양지다방,3,253
P035,노키,P049,미실카페,5,357
P035,노키,P050,햇오프커피,2,183
P035,노키,P051,비화커피,1,42
P035,노키,P052,오버랩,10,648
P035,노키,P053,주돈,12,907
P035,노키,P054,서울뒷고기막창,11,732
P035,노키,P055,옐라,15,1157
P035,노키,P056,대호당,16,1239
P035,노키,P057,사계돈,16,1173
P035,노키,P058,황오바오,15,1120
P035,노키,P059,시간의 여백,13,1016
P035,노키,P060,리커피하우스,12,873
P035,노키,P061,로라커피,22,1616
P035,노키,P062,소담루,19,1382
P035,노키,P063,위주,21,1465
P035,노키,P064,크루그,19,1356
P035,노키,P065,나봉상점 경주점,16,1227
P035,노키,P066,연화,22,1604
P035,노키,P067,yesterday,30,2257
P035,노키,P068,진수성찬,15,1155
P035,노키,P069,베이글베이글러,11,861
P035,노키,P070,경주 핑크뮬리(경주 핑크뮬리 군락지),16,1256
P035,노키,P071,경주 교촌마을,15,1141
P035,노키,P072,경주 황리단길,4,311
P035,노키,P073,경주 계림,19,1458
P035,노키,P074,월정교,19,1458
P035,노키,P075,경주읍성,22,1663
P035,노키,P076,경주 첨성대,16,1195
P036,마카다,P037,황리단 치킨,6,499
P036,마카다,P038,담요 따뜻한 손길,2,152
P036,마카다,P039,스컹크웍스,4,301
P036,마카다,P040,굿즈,6,453
P036,마카다,P041,샬로우커피 황리단길점,5,409
P036,마카다,P042,데어벤치,7,517
P036,마카다,P043,스위피,5,381
P036,마카다,P044,아르떼,6,503
P036,마카다,P045,키도트,9,671
P036,마카다,P046,후프후프,9,716
P036,마카다,P047,올리브,7,509
P036,마카다,P048,양지다방,6,468
P036,마카다,P049,미실카페,7,573
P036,마카다,P050,햇오프커피,7,546
P036,마카다,P051,비화커피,5,406
P036,마카다,P052,오버랩,15,1025
P036,마카다,P053,주돈,14,1070
P036,마카다,P054,서울뒷고기막창,17,1109
P036,마카다,P055,옐라,17,1320
P036,마카다,P056,대호당,18,1402
P036,마카다,P057,사계돈,18,1336
P036,마카다,P058,황오바오,17,1283
P036,마카다,P059,시간의 여백,16,1179
P036,마카다,P060,리커피하우스,14,1036
P036,마카다,P061,로라커피,24,1778
P036,마카다,P062,소담루,21,1545
P036,마카다,P063,위주,20,1484
P036,마카다,P064,크루그,18,1324
P036,마카다,P065,나봉상점 경주점,18,1390
P036,마카다,P066,연화,24,1767
P036,마카다,P067,yesterday,31,2365
P036,마카다,P068,진수성찬,10,780
P036,마카다,P069,베이글베이글러,6,486
P036,마카다,P070,경주 핑크뮬리(경주 핑크뮬리 군락지),14,1091
P036,마카다,P071,경주 교촌마을,10,765
P036,마카다,P072,경주 황리단길,6,474
P036,마카다,P073,경주 계림,17,1293
P036,마카다,P074,월정교,14,1083
P036,마카다,P075,경주읍성,24,1826
P036,마카다,P076,경주 첨성대,13,1030
P037,황리단 치킨,P038,담요 따뜻한 손길,6,437
P037,황리단 치킨,P039,스컹크웍스,4,298
P037,황리단 치킨,P040,굿즈,6,466
P037,황리단 치킨,P041,샬로우커피 황리단길점,3,204
P037,황리단 치킨,P042,데어벤치,6,493
P037,황리단 치킨,P043,스위피,7,530
P037,황리단 치킨,P044,아르떼,7,506
P037,황리단 치킨,P045,키도트,4,277
P037,황리단 치킨,P046,후프후프,4,336
P037,황리단 치킨,P047,올리브,2,129
P037,황리단 치킨,P048,양지다방,1,88
P037,황리단 치킨,P049,미실카페,3,192
P037,황리단 치킨,P050,햇오프커피,2,152
P037,황리단 치킨,P051,비화커피,1,105
P037,황리단 치킨,P052,오버랩,10,617
P037,황리단 치킨,P053,주돈,10,744
P037,황리단 치킨,P054,서울뒷고기막창,11,701
P037,황리단 치킨,P055,옐라,13,994
P037,황리단 치킨,P056,대호당,14,1076
P037,황리단 치킨,P057,사계돈,14,1010
P037,황리단 치킨,P058,황오바오,13,957
P037,황리단 치킨,P059,시간의 여백,11,853
P037,황리단 치킨,P060,리커피하우스,10,710
P037,황리단 치킨,P061,로라커피,20,1452
P037,황리단 치킨,P062,소담루,17,1218
P037,황리단 치킨,P063,위주,16,1158
P037,황리단 치킨,P064,크루그,14,998
P037,황리단 치킨,P065,나봉상점 경주점,14,1064
P037,황리단 치킨,P066,연화,20,1441
P037,황리단 치킨,P067,yesterday,28,2094
P037,황리단 치킨,P068,진수성찬,15,1178
P037,황리단 치킨,P069,베이글베이글러,11,884
P037,황리단 치킨,P070,경주 핑크뮬리(경주 핑크뮬리 군락지),16,1279
P037,황리단 치킨,P071,경주 교촌마을,15,1164
P037,황리단 치킨,P072,경주 황리단길,2,148
P037,황리단 치킨,P073,경주 계림,18,1367
P037,황리단 치킨,P074,월정교,19,1481
P037,황리단 치킨,P075,경주읍성,20,1499
P037,황리단 치킨,P076,경주 첨성대,15,1104
P038,담요 따뜻한 손길,P039,스컹크웍스,5,366
P038,담요 따뜻한 손길,P040,굿즈,7,518
P038,담요 따뜻한 손길,P041,샬로우커피 황리단길점,6,474
P038,담요 따뜻한 손길,P042,데어벤치,7,582
P038,담요 따뜻한 손길,P043,스위피,6,446
P038,담요 따뜻한 손길,P044,아르떼,7,568
P038,담요 따뜻한 손길,P045,키도트,9,736
P038,담요 따뜻한 손길,P046,후프후프,11,832
P038,담요 따뜻한 손길,P047,올리브,7,574
P038,담요 따뜻한 손길,P048,양지다방,7,533
P038,담요 따뜻한 손길,P049,미실카페,8,638
P038,담요 따뜻한 손길,P050,햇오프커피,6,473
P038,담요 따뜻한 손길,P051,비화커피,4,332
P038,담요 따뜻한 손길,P052,오버랩,14,920
P038,담요 따뜻한 손길,P053,주돈,15,1135
P038,담요 따뜻한 손길,P054,서울뒷고기막창,15,1004
P038,담요 따뜻한 손길,P055,옐라,18,1385
P038,담요 따뜻한 손길,P056,대호당,19,1467
P038,담요 따뜻한 손길,P057,사계돈,18,1400
P038,담요 따뜻한 손길,P058,황오바오,18,1348
P038,담요 따뜻한 손길,P059,시간의 여백,16,1244
P038,담요 따뜻한 손길,P060,리커피하우스,15,1101
P038,담요 따뜻한 손길,P061,로라커피,25,1843
P038,담요 따뜻한 손길,P062,소담루,27,1871
P038,담요 따뜻한 손길,P063,위주,25,1736
P038,담요 따뜻한 손길,P064,크루그,23,1627
P038,담요 따뜻한 손길,P065,나봉상점 경주점,19,1455
P038,담요 따뜻한 손길,P066,연화,25,1832
P038,담요 따뜻한 손길,P067,yesterday,32,2475
P038,담요 따뜻한 손길,P068,진수성찬,12,890
P038,담요 따뜻한 손길,P069,베이글베이글러,8,596
P038,담요 따뜻한 손길,P070,경주 핑크뮬리(경주 핑크뮬리 군락지),15,1201
P038,담요 따뜻한 손길,P071,경주 교촌마을,11,875
P038,담요 따뜻한 손길,P072,경주 황리단길,7,539
P038,담요 따뜻한 손길,P073,경주 계림,19,1403
P038,담요 따뜻한 손길,P074,월정교,15,1193
P038,담요 따뜻한 손길,P075,경주읍성,25,1890
P038,담요 따뜻한 손길,P076,경주 첨성대,15,1140
P039,스컹크웍스,P040,굿즈,2,188
P039,스컹크웍스,P041,샬로우커피 황리단길점,3,209
P039,스컹크웍스,P042,데어벤치,3,261
P039,스컹크웍스,P043,스위피,3,252
P039,스컹크웍스,P044,아르떼,3,238
P039,스컹크웍스,P045,키도트,6,470
P039,스컹크웍스,P046,후프후프,7,516
P039,스컹크웍스,P047,올리브,4,309
P039,스컹크웍스,P048,양지다방,3,268
P039,스컹크웍스,P049,미실카페,5,372
P039,스컹크웍스,P050,햇오프커피,5,346
P039,스컹크웍스,P051,비화커피,3,213
P039,스컹크웍스,P052,오버랩,12,811
P039,스컹크웍스,P053,주돈,12,870
P039,스컹크웍스,P054,서울뒷고기막창,13,895
P039,스컹크웍스,P055,옐라,15,1120
P039,스컹크웍스,P056,대호당,16,1202
P039,스컹크웍스,P057,사계돈,15,1135
P039,스컹크웍스,P058,황오바오,14,1083
P039,스컹크웍스,P059,시간의 여백,13,979
P039,스컹크웍스,P060,리커피하우스,11,836
P039,스컹크웍스,P061,로라커피,21,1578
P039,스컹크웍스,P062,소담루,18,1344
P039,스컹크웍스,P063,위주,17,1284
P039,스컹크웍스,P064,크루그,15,1124
P039,스컹크웍스,P065,나봉상점 경주점,16,1190
P039,스컹크웍스,P066,연화,22,1567
P039,스컹크웍스,P067,yesterday,30,2219
P039,스컹크웍스,P068,진수성찬,12,934
P039,스컹크웍스,P069,베이글베이글러,8,640
P039,스컹크웍스,P070,경주 핑크뮬리(경주 핑크뮬리 군락지),13,1035
P039,스컹크웍스,P071,경주 교촌마을,12,920
P039,스컹크웍스,P072,경주 황리단길,4,274
P039,스컹크웍스,P073,경주 계림,16,1237
P039,스컹크웍스,P074,월정교,16,1237
P039,스컹크웍스,P075,경주읍성,22,1625
P039,스컹크웍스,P076,경주 첨성대,13,974
P040,굿즈,P041,샬로우커피 황리단길점,5,376
P040,굿즈,P042,데어벤치,1,73
P040,굿즈,P043,스위피,3,202
P040,굿즈,P044,아르떼,1,50
P040,굿즈,P045,키도트,8,625
P040,굿즈,P046,후프후프,9,684
P040,굿즈,P047,올리브,6,477
P040,굿즈,P048,양지다방,6,435
P040,굿즈,P049,미실카페,7,540
P040,굿즈,P050,햇오프커피,7,514
P040,굿즈,P051,비화커피,5,401
P040,굿즈,P052,오버랩,14,979
P040,굿즈,P053,주돈,14,1037
P040,굿즈,P054,서울뒷고기막창,15,1063
P040,굿즈,P055,옐라,17,1287
P040,굿즈,P056,대호당,18,1369
P040,굿즈,P057,사계돈,17,1303
P040,굿즈,P058,황오바오,16,1250
P040,굿즈,P059,시간의 여백,15,1146
P040,굿즈,P060,리커피하우스,13,1004
P040,굿즈,P061,로라커피,23,1746
P040,굿즈,P062,소담루,20,1512
P040,굿즈,P063,위주,19,1451
P040,굿즈,P064,크루그,17,1291
P040,굿즈,P065,나봉상점 경주점,18,1357
P040,굿즈,P066,연화,24,1735
P040,굿즈,P067,yesterday,28,2133
P040,굿즈,P068,진수성찬,10,758
P040,굿즈,P069,베이글베이글러,6,464
P040,굿즈,P070,경주 핑크뮬리(경주 핑크뮬리 군락지),11,859
P040,굿즈,P071,경주 교촌마을,10,744
P040,굿즈,P072,경주 황리단길,6,442
P040,굿즈,P073,경주 계림,14,1061
P040,굿즈,P074,월정교,14,1061
P040,굿즈,P075,경주읍성,24,1793
P040,굿즈,P076,경주 첨성대,11,798
P041,샬로우커피 황리단길점,P042,데어벤치,5,403
P041,샬로우커피 황리단길점,P043,스위피,6,441
P041,샬로우커피 황리단길점,P044,아르떼,5,416
P041,샬로우커피 황리단길점,P045,키도트,4,325
P041,샬로우커피 황리단길점,P046,후프후프,6,444
P041,샬로우커피 황리단길점,P047,올리브,2,177
P041,샬로우커피 황리단길점,P048,양지다방,2,139
P041,샬로우커피 황리단길점,P049,미실카페,3,241
P041,샬로우커피 황리단길점,P050,햇오프커피,3,251
P041,샬로우커피 황리단길점,P051,비화커피,3,204
P041,샬로우커피 황리단길점,P052,오버랩,11,716
P041,샬로우커피 황리단길점,P053,주돈,10,724
P041,샬로우커피 황리단길점,P054,서울뒷고기막창,11,841
P041,샬로우커피 황리단길점,P055,옐라,13,975
P041,샬로우커피 황리단길점,P056,대호당,14,1056
P041,샬로우커피 황리단길점,P057,사계돈,13,990
P041,샬로우커피 황리단길점,P058,황오바오,13,938
P041,샬로우커피 황리단길점,P059,시간의 여백,11,834
P041,샬로우커피 황리단길점,P060,리커피하우스,9,691
P041,샬로우커피 황리단길점,P061,로라커피,19,1433
P041,샬로우커피 황리단길점,P062,소담루,16,1199
P041,샬로우커피 황리단길점,P063,위주,16,1138
P041,샬로우커피 황리단길점,P064,크루그,13,978
P041,샬로우커피 황리단길점,P065,나봉상점 경주점,14,1044
P041,샬로우커피 황리단길점,P066,연화,20,1422
P041,샬로우커피 황리단길점,P067,yesterday,28,2074
P041,샬로우커피 황리단길점,P068,진수성찬,14,1088
P041,샬로우커피 황리단길점,P069,베이글베이글러,10,794
P041,샬로우커피 황리단길점,P070,경주 핑크뮬리(경주 핑크뮬리 군락지),15,1189
P041,샬로우커피 황리단길점,P071,경주 교촌마을,14,1074
P041,샬로우커피 황리단길점,P072,경주 황리단길,2,129
P041,샬로우커피 황리단길점,P073,경주 계림,17,1278
P041,샬로우커피 황리단길점,P074,월정교,18,1391
P041,샬로우커피 황리단길점,P075,경주읍성,20,1480
P041,샬로우커피 황리단길점,P076,경주 첨성대,14,1014
P042,데어벤치,P043,스위피,2,168
P042,데어벤치,P044,아르떼,0,23
P042,데어벤치,P045,키도트,8,652
P042,데어벤치,P046,후프후프,9,710
P042,데어벤치,P047,올리브,6,503
P042,데어벤치,P048,양지다방,6,462
P042,데어벤치,P049,미실카페,7,567
P042,데어벤치,P050,햇오프커피,7,541
P042,데어벤치,P051,비화커피,6,493
P042,데어벤치,P052,오버랩,15,1006
P042,데어벤치,P053,주돈,14,1064
P042,데어벤치,P054,서울뒷고기막창,16,1089
P042,데어벤치,P055,옐라,17,1314
P042,데어벤치,P056,대호당,18,1396
P042,데어벤치,P057,사계돈,18,1330
P042,데어벤치,P058,황오바오,17,1277
P042,데어벤치,P059,시간의 여백,15,1173
P042,데어벤치,P060,리커피하우스,14,1030
P042,데어벤치,P061,로라커피,24,1773
P042,데어벤치,P062,소담루,21,1539
P042,데어벤치,P063,위주,20,1478
P042,데어벤치,P064,크루그,18,1318
P042,데어벤치,P065,나봉상점 경주점,18,1384
P042,데어벤치,P066,연화,22,1672
P042,데어벤치,P067,yesterday,27,2060
P042,데어벤치,P068,진수성찬,9,685
P042,데어벤치,P069,베이글베이글러,5,391
P042,데어벤치,P070,경주 핑크뮬리(경주 핑크뮬리 군락지),10,786
P042,데어벤치,P071,경주 교촌마을,9,671
P042,데어벤치,P072,경주 황리단길,6,468
P042,데어벤치,P073,경주 계림,13,988
P042,데어벤치,P074,월정교,13,988
P042,데어벤치,P075,경주읍성,24,1820
P042,데어벤치,P076,경주 첨성대,10,725
P043,스위피,P044,아르떼,2,192
P043,스위피,P045,키도트,9,689
P043,스위피,P046,후프후프,10,748
P043,스위피,P047,올리브,7,541
P043,스위피,P048,양지다방,6,500
P043,스위피,P049,미실카페,8,604
P043,스위피,P050,햇오프커피,8,578
P043,스위피,P051,비화커피,6,469
P043,스위피,P052,오버랩,16,1070
P043,스위피,P053,주돈,15,1101
P043,스위피,P054,서울뒷고기막창,17,1154
P043,스위피,P055,옐라,18,1409
P043,스위피,P056,대호당,19,1491
P043,스위피,P057,사계돈,18,1425
P043,스위피,P058,황오바오,17,1372
P043,스위피,P059,시간의 여백,16,1211
P043,스위피,P060,리커피하우스,14,1068
P043,스위피,P061,로라커피,24,1810
P043,스위피,P062,소담루,21,1576
P043,스위피,P063,위주,20,1515
P043,스위피,P064,크루그,18,1356
P043,스위피,P065,나봉상점 경주점,19,1479
P043,스위피,P066,연화,22,1668
P043,스위피,P067,yesterday,27,2057
P043,스위피,P068,진수성찬,9,682
P043,스위피,P069,베이글베이글러,5,388
P043,스위피,P070,경주 핑크뮬리(경주 핑크뮬리 군락지),10,782
P043,스위피,P071,경주 교촌마을,9,667
P043,스위피,P072,경주 황리단길,6,506
P043,스위피,P073,경주 계림,13,985
P043,스위피,P074,월정교,13,985
P043,스위피,P075,경주읍성,25,1857
P043,스위피,P076,경주 첨성대,10,721
P044,아르떼,P045,키도트,9,665
P044,아르떼,P046,후프후프,9,723
P044,아르떼,P047,올리브,7,516
P044,아르떼,P048,양지다방,6,475
P044,아르떼,P049,미실카페,7,580
P044,아르떼,P050,햇오프커피,7,554
P044,아르떼,P051,비화커피,6,451
P044,아르떼,P052,오버랩,15,1019
P044,아르떼,P053,주돈,14,1077
P044,아르떼,P054,서울뒷고기막창,16,1102
P044,아르떼,P055,옐라,18,1327
P044,아르떼,P056,대호당,19,1409
P044,아르떼,P057,사계돈,18,1343
P044,아르떼,P058,황오바오,17,1290
P044,아르떼,P059,시간의 여백,16,1186
P044,아르떼,P060,리커피하우스,14,1044
P044,아르떼,P061,로라커피,24,1786
P044,아르떼,P062,소담루,21,1552
P044,아르떼,P063,위주,20,1491
P044,아르떼,P064,크루그,18,1331
P044,아르떼,P065,나봉상점 경주점,18,1397
P044,아르떼,P066,연화,22,1567
P044,아르떼,P067,yesterday,27,2083
P044,아르떼,P068,진수성찬,9,708
P044,아르떼,P069,베이글베이글러,5,414
P044,아르떼,P070,경주 핑크뮬리(경주 핑크뮬리 군락지),10,809
P044,아르떼,P071,경주 교촌마을,9,694
P044,아르떼,P072,경주 황리단길,6,481
P044,아르떼,P073,경주 계림,14,1011
P044,아르떼,P074,월정교,13,1011
P044,아르떼,P075,경주읍성,25,1833
P044,아르떼,P076,경주 첨성대,10,748
P045,키도트,P046,후프후프,2,126
P045,키도트,P047,올리브,2,193
P045,키도트,P048,양지다방,2,190
P045,키도트,P049,미실카페,1,112
P045,키도트,P050,햇오프커피,4,278
P045,키도트,P051,비화커피,5,400
P045,키도트,P052,오버랩,8,453
P045,키도트,P053,주돈,7,482
P045,키도트,P054,서울뒷고기막창,7,524
P045,키도트,P055,옐라,10,732
P045,키도트,P056,대호당,11,814
P045,키도트,P057,사계돈,10,748
P045,키도트,P058,황오바오,9,695
P045,키도트,P059,시간의 여백,8,591
P045,키도트,P060,리커피하우스,6,448
P045,키도트,P061,로라커피,16,1190
P045,키도트,P062,소담루,13,957
P045,키도트,P063,위주,12,896
P045,키도트,P064,크루그,10,736
P045,키도트,P065,나봉상점 경주점,11,802
P045,키도트,P066,연화,17,1179
P045,키도트,P067,yesterday,25,1832
P045,키도트,P068,진수성찬,17,1337
P045,키도트,P069,베이글베이글러,13,1043
P045,키도트,P070,경주 핑크뮬리(경주 핑크뮬리 군락지),17,1424
P045,키도트,P071,경주 교촌마을,17,1322
P045,키도트,P072,경주 황리단길,3,231
P045,키도트,P073,경주 계림,20,1626
P045,키도트,P074,월정교,21,1640
P045,키도트,P075,경주읍성,17,1238
P045,키도트,P076,경주 첨성대,17,1362
P046,후프후프,P047,올리브,3,251
P046,후프후프,P048,양지다방,3,248
P046,후프후프,P049,미실카페,2,170
P046,후프후프,P050,햇오프커피,5,401
P046,후프후프,P051,비화커피,6,518
P046,후프후프,P052,오버랩,6,336
P046,후프후프,P053,주돈,7,489
P046,후프후프,P054,서울뒷고기막창,6,411
P046,후프후프,P055,옐라,11,754
P046,후프후프,P056,대호당,12,836
P046,후프후프,P057,사계돈,11,770
P046,후프후프,P058,황오바오,10,717
P046,후프후프,P059,시간의 여백,8,598
P046,후프후프,P060,리커피하우스,6,455
P046,후프후프,P061,로라커피,17,1213
P046,후프후프,P062,소담루,13,964
P046,후프후프,P063,위주,12,903
P046,후프후프,P064,크루그,10,743
P046,후프후프,P065,나봉상점 경주점,11,824
P046,후프후프,P066,연화,18,1202
P046,후프후프,P067,yesterday,26,1854
P046,후프후프,P068,진수성찬,18,1395
P046,후프후프,P069,베이글베이글러,14,1102
P046,후프후프,P070,경주 핑크뮬리(경주 핑크뮬리 군락지),18,1460
P046,후프후프,P071,경주 교촌마을,18,1381
P046,후프후프,P072,경주 황리단길,4,351
P046,후프후프,P073,경주 계림,21,1662
P046,후프후프,P074,월정교,22,1698
P046,후프후프,P075,경주읍성,18,1260
P046,후프후프,P076,경주 첨성대,18,1399
P047,올리브,P048,양지다방,1,41
P047,올리브,P049,미실카페,1,108
P047,올리브,P050,햇오프커피,1,85
P047,올리브,P051,비화커피,3,251
P047,올리브,P052,오버랩,9,532
P047,올리브,P053,주돈,9,667
P047,올리브,P054,서울뒷고기막창,9,649
P047,올리브,P055,옐라,12,917
P047,올리브,P056,대호당,13,999
P047,올리브,P057,사계돈,12,932
P047,올리브,P058,황오바오,12,880
P047,올리브,P059,시간의 여백,10,776
P047,올리브,P060,리커피하우스,9,633
P047,올리브,P061,로라커피,19,1375
P047,올리브,P062,소담루,16,1141
P047,올리브,P063,위주,15,1081
P047,올리브,P064,크루그,13,921
P047,올리브,P065,나봉상점 경주점,13,987
P047,올리브,P066,연화,19,1364
P047,올리브,P067,yesterday,27,2016
P047,올리브,P068,진수성찬,15,1188
P047,올리브,P069,베이글베이글러,11,895
P047,올리브,P070,경주 핑크뮬리(경주 핑크뮬리 군락지),17,1289
P047,올리브,P071,경주 교촌마을,15,1174
P047,올리브,P072,경주 황리단길,1,83
P047,올리브,P073,경주 계림,18,1378
P047,올리브,P074,월정교,19,1492
P047,올리브,P075,경주읍성,19,1422
P047,올리브,P076,경주 첨성대,15,1114
P048,양지다방,P049,미실카페,1,105
P048,양지다방,P050,햇오프커피,2,126
P048,양지다방,P051,비화커피,3,210
P048,양지다방,P052,오버랩,9,575
P048,양지다방,P053,주돈,9,671
P048,양지다방,P054,서울뒷고기막창,9,645
P048,양지다방,P055,옐라,12,922
P048,양지다방,P056,대호당,13,1003
P048,양지다방,P057,사계돈,12,937
P048,양지다방,P058,황오바오,12,885
P048,양지다방,P059,시간의 여백,10,780
P048,양지다방,P060,리커피하우스,9,638
P048,양지다방,P061,로라커피,19,1380
P048,양지다방,P062,소담루,16,1146
P048,양지다방,P063,위주,15,1085
P048,양지다방,P064,크루그,13,926
P048,양지다방,P065,나봉상점 경주점,13,991
P048,양지다방,P066,연화,19,1369
P048,양지다방,P067,yesterday,27,2021
P048,양지다방,P068,진수성찬,15,1147
P048,양지다방,P069,베이글베이글러,11,853
P048,양지다방,P070,경주 핑크뮬리(경주 핑크뮬리 군락지),16,1248
P048,양지다방,P071,경주 교촌마을,15,1133
P048,양지다방,P072,경주 황리단길,1,76
P048,양지다방,P073,경주 계림,18,1336
P048,양지다방,P074,월정교,19,1450
P048,양지다방,P075,경주읍성,19,1427
P048,양지다방,P076,경주 첨성대,14,1073
P049,미실카페,P050,햇오프커피,3,193
P049,미실카페,P051,비화커피,4,315
P049,미실카페,P052,오버랩,8,497
P049,미실카페,P053,주돈,8,593
P049,미실카페,P054,서울뒷고기막창,8,568
P049,미실카페,P055,옐라,11,844
P049,미실카페,P056,대호당,12,926
P049,미실카페,P057,사계돈,12,859
P049,미실카페,P058,황오바오,11,807
P049,미실카페,P059,시간의 여백,9,703
P049,미실카페,P060,리커피하우스,8,560
P049,미실카페,P061,로라커피,18,1302
P049,미실카페,P062,소담루,15,1068
P049,미실카페,P063,위주,14,1007
P049,미실카페,P064,크루그,12,848
P049,미실카페,P065,나봉상점 경주점,12,913
P049,미실카페,P066,연화,18,1291
P049,미실카페,P067,yesterday,26,1943
P049,미실카페,P068,진수성찬,16,1252
P049,미실카페,P069,베이글베이글러,12,958
P049,미실카페,P070,경주 핑크뮬리(경주 핑크뮬리 군락지),17,1353
P049,미실카페,P071,경주 교촌마을,16,1238
P049,미실카페,P072,경주 황리단길,2,147
P049,미실카페,P073,경주 계림,22,1738
P049,미실카페,P074,월정교,20,1555
P049,미실카페,P075,경주읍성,18,1349
P049,미실카페,P076,경주 첨성대,18,1474
P050,햇오프커피,P051,비화커피,2,141
P050,햇오프커피,P052,오버랩,8,490
P050,햇오프커피,P053,주돈,10,752
P050,햇오프커피,P054,서울뒷고기막창,9,573
P050,햇오프커피,P055,옐라,14,1002
P050,햇오프커피,P056,대호당,15,1084
P050,햇오프커피,P057,사계돈,14,1017
P050,햇오프커피,P058,황오바오,13,965
P050,햇오프커피,P059,시간의 여백,12,861
P050,햇오프커피,P060,리커피하우스,10,718
P050,햇오프커피,P061,로라커피,20,1460
P050,햇오프커피,P062,소담루,17,1226
P050,햇오프커피,P063,위주,19,1306
P050,햇오프커피,P064,크루그,14,1006
P050,햇오프커피,P065,나봉상점 경주점,14,1072
P050,햇오프커피,P066,연화,20,1449
P050,햇오프커피,P067,yesterday,29,2101
P050,햇오프커피,P068,진수성찬,16,1226
P050,햇오프커피,P069,베이글베이글러,12,932
P050,햇오프커피,P070,경주 핑크뮬리(경주 핑크뮬리 군락지),17,1326
P050,햇오프커피,P071,경주 교촌마을,16,1211
P050,햇오프커피,P072,경주 황리단길,2,168
P050,햇오프커피,P073,경주 계림,19,1415
P050,햇오프커피,P074,월정교,20,1529
P050,햇오프커피,P075,경주읍성,21,1507
P050,햇오프커피,P076,경주 첨성대,15,1152
P051,비화커피,P052,오버랩,9,606
P051,비화커피,P053,주돈,12,864
P051,비화커피,P054,서울뒷고기막창,10,690
P051,비화커피,P055,옐라,15,1115
P051,비화커피,P056,대호당,16,1196
P051,비화커피,P057,사계돈,15,1130
P051,비화커피,P058,황오바오,14,1078
P051,비화커피,P059,시간의 여백,13,974
P051,비화커피,P060,리커피하우스,11,831
P051,비화커피,P061,로라커피,21,1573
P051,비화커피,P062,소담루,18,1339
P051,비화커피,P063,위주,20,1422
P051,비화커피,P064,크루그,19,1313
P051,비화커피,P065,나봉상점 경주점,16,1184
P051,비화커피,P066,연화,22,1562
P051,비화커피,P067,yesterday,30,2214
P051,비화커피,P068,진수성찬,15,1150
P051,비화커피,P069,베이글베이글러,11,856
P051,비화커피,P070,경주 핑크뮬리(경주 핑크뮬리 군락지),16,1251
P051,비화커피,P071,경주 교촌마을,15,1136
P051,비화커피,P072,경주 황리단길,3,269
P051,비화커피,P073,경주 계림,19,1454
P051,비화커피,P074,월정교,19,1453
P051,비화커피,P075,경주읍성,22,1620
P051,비화커피,P076,경주 첨성대,16,1190
P052,오버랩,P053,주돈,9,676
P052,오버랩,P054,서울뒷고기막창,1,84
P052,오버랩,P055,옐라,15,1033
P052,오버랩,P056,대호당,16,1115
P052,오버랩,P057,사계돈,15,1049
P052,오버랩,P058,황오바오,14,996
P052,오버랩,P059,시간의 여백,10,690
P052,오버랩,P060,리커피하우스,9,643
P052,오버랩,P061,로라커피,20,1451
P052,오버랩,P062,소담루,15,1100
P052,오버랩,P063,위주,14,965
P052,오버랩,P064,크루그,12,856
P052,오버랩,P065,나봉상점 경주점,16,1103
P052,오버랩,P066,연화,22,1480
P052,오버랩,P067,yesterday,30,2133
P052,오버랩,P068,진수성찬,23,1691
P052,오버랩,P069,베이글베이글러,20,1397
P052,오버랩,P070,경주 핑크뮬리(경주 핑크뮬리 군락지),24,1760
P052,오버랩,P071,경주 교촌마을,23,1676
P052,오버랩,P072,경주 황리단길,10,686
P052,오버랩,P073,경주 계림,27,1977
P052,오버랩,P074,월정교,27,1994
P052,오버랩,P075,경주읍성,21,1498
P052,오버랩,P076,경주 첨성대,23,1714
P053,주돈,P054,서울뒷고기막창,8,592
P053,주돈,P055,옐라,7,513
P053,주돈,P056,대호당,6,486
P053,주돈,P057,사계돈,7,546
P053,주돈,P058,황오바오,7,537
P053,주돈,P059,시간의 여백,2,133
P053,주돈,P060,리커피하우스,1,97
P053,주돈,P061,로라커피,11,809
P053,주돈,P062,소담루,7,498
P053,주돈,P063,위주,6,438
P053,주돈,P064,크루그,4,278
P053,주돈,P065,나봉상점 경주점,8,601
P053,주돈,P066,연화,13,972
P053,주돈,P067,yesterday,21,1624
P053,주돈,P068,진수성찬,23,1749
P053,주돈,P069,베이글베이글러,19,1455
P053,주돈,P070,경주 핑크뮬리(경주 핑크뮬리 군락지),19,1459
P053,주돈,P071,경주 교촌마을,23,1735
P053,주돈,P072,경주 황리단길,9,630
P053,주돈,P073,경주 계림,23,1810
P053,주돈,P074,월정교,27,2052
P053,주돈,P075,경주읍성,11,856
P053,주돈,P076,경주 첨성대,20,1547
P054,서울뒷고기막창,P055,옐라,15,1103
P054,서울뒷고기막창,P056,대호당,14,1056
P054,서울뒷고기막창,P057,사계돈,15,1119
P054,서울뒷고기막창,P058,황오바오,14,1066
P054,서울뒷고기막창,P059,시간의 여백,8,606
P054,서울뒷고기막창,P060,리커피하우스,7,559
P054,서울뒷고기막창,P061,로라커피,19,1368
P054,서울뒷고기막창,P062,소담루,14,1016
P054,서울뒷고기막창,P063,위주,13,882
P054,서울뒷고기막창,P064,크루그,11,772
P054,서울뒷고기막창,P065,나봉상점 경주점,16,1173
P054,서울뒷고기막창,P066,연화,22,1551
P054,서울뒷고기막창,P067,yesterday,30,2203
P054,서울뒷고기막창,P068,진수성찬,24,1774
P054,서울뒷고기막창,P069,베이글베이글러,21,1481
P054,서울뒷고기막창,P070,경주 핑크뮬리(경주 핑크뮬리 군락지),24,1831
P054,서울뒷고기막창,P071,경주 교촌마을,24,1760
P054,서울뒷고기막창,P072,경주 황리단길,10,747
P054,서울뒷고기막창,P073,경주 계림,27,2047
P054,서울뒷고기막창,P074,월정교,28,2078
P054,서울뒷고기막창,P075,경주읍성,20,1415
P054,서울뒷고기막창,P076,경주 첨성대,23,1784
P055,옐라,P056,대호당,1,82
P055,옐라,P057,사계돈,2,148
P055,옐라,P058,황오바오,2,139
P055,옐라,P059,시간의 여백,7,529
P055,옐라,P060,리커피하우스,6,433
P055,옐라,P061,로라커피,8,611
P055,옐라,P062,소담루,12,881
P055,옐라,P063,위주,11,821
P055,옐라,P064,크루그,9,661
P055,옐라,P065,나봉상점 경주점,3,203
P055,옐라,P066,연화,8,574
P055,옐라,P067,yesterday,16,1226
P055,옐라,P068,진수성찬,21,1680
P055,옐라,P069,베이글베이글러,18,1460
P055,옐라,P070,경주 핑크뮬리(경주 핑크뮬리 군락지),14,1061
P055,옐라,P071,경주 교촌마을,21,1666
P055,옐라,P072,경주 황리단길,12,881
P055,옐라,P073,경주 계림,19,1479
P055,옐라,P074,월정교,25,1983
P055,옐라,P075,경주읍성,9,658
P055,옐라,P076,경주 첨성대,16,1215
P056,대호당,P057,사계돈,3,228
P056,대호당,P058,황오바오,3,218
P056,대호당,P059,시간의 여백,6,450
P056,대호당,P060,리커피하우스,7,515
P056,대호당,P061,로라커피,7,531
P056,대호당,P062,소담루,11,802
P056,대호당,P063,위주,10,741
P056,대호당,P064,크루그,8,582
P056,대호당,P065,나봉상점 경주점,4,282
P056,대호당,P066,연화,9,627
P056,대호당,P067,yesterday,17,1279
P056,대호당,P068,진수성찬,22,1762
P056,대호당,P069,베이글베이글러,20,1542
P056,대호당,P070,경주 핑크뮬리(경주 핑크뮬리 군락지),15,1143
P056,대호당,P071,경주 교촌마을,22,1747
P056,대호당,P072,경주 황리단길,13,962
P056,대호당,P073,경주 계림,20,1561
P056,대호당,P074,월정교,26,2065
P056,대호당,P075,경주읍성,8,578
P056,대호당,P076,경주 첨성대,17,1297
P057,사계돈,P058,황오바오,1,52
P057,사계돈,P059,시간의 여백,9,673
P057,사계돈,P060,리커피하우스,6,467
P057,사계돈,P061,로라커피,9,710
P057,사계돈,P062,소담루,14,1036
P057,사계돈,P063,위주,13,975
P057,사계돈,P064,크루그,11,815
P057,사계돈,P065,나봉상점 경주점,1,54
P057,사계돈,P066,연화,6,425
P057,사계돈,P067,yesterday,14,1078
P057,사계돈,P068,진수성찬,22,1695
P057,사계돈,P069,베이글베이글러,19,1475
P057,사계돈,P070,경주 핑크뮬리(경주 핑크뮬리 군락지),12,971
P057,사계돈,P071,경주 교촌마을,21,1681
P057,사계돈,P072,경주 황리단길,12,896
P057,사계돈,P073,경주 계림,19,1494
P057,사계돈,P074,월정교,25,1998
P057,사계돈,P075,경주읍성,10,757
P057,사계돈,P076,경주 첨성대,16,1231
P058,황오바오,P059,시간의 여백,9,668
P058,황오바오,P060,리커피하우스,6,458
P058,황오바오,P061,로라커피,9,701
P058,황오바오,P062,소담루,14,1026
P058,황오바오,P063,위주,13,966
P058,황오바오,P064,크루그,11,806
P058,황오바오,P065,나봉상점 경주점,1,107
P058,황오바오,P066,연화,7,478
P058,황오바오,P067,yesterday,15,1130
P058,황오바오,P068,진수성찬,21,1643
P058,황오바오,P069,베이글베이글러,18,1423
P058,황오바오,P070,경주 핑크뮬리(경주 핑크뮬리 군락지),12,919
P058,황오바오,P071,경주 교촌마을,21,1629
P058,황오바오,P072,경주 황리단길,11,844
P058,황오바오,P073,경주 계림,19,1442
P058,황오바오,P074,월정교,25,1946
P058,황오바오,P075,경주읍성,10,748
P058,황오바오,P076,경주 첨성대,15,1178
P059,시간의 여백,P060,리커피하우스,3,206
P059,시간의 여백,P061,로라커피,10,768
P059,시간의 여백,P062,소담루,6,430
P059,시간의 여백,P063,위주,5,370
P059,시간의 여백,P064,크루그,3,210
P059,시간의 여백,P065,나봉상점 경주점,9,727
P059,시간의 여백,P066,연화,15,1076
P059,시간의 여백,P067,yesterday,23,1729
P059,시간의 여백,P068,진수성찬,24,1858
P059,시간의 여백,P069,베이글베이글러,20,1564
P059,시간의 여백,P070,경주 핑크뮬리(경주 핑크뮬리 군락지),20,1590
P059,시간의 여백,P071,경주 교촌마을,24,1844
P059,시간의 여백,P072,경주 황리단길,10,740
P059,시간의 여백,P073,경주 계림,25,1891
P059,시간의 여백,P074,월정교,28,2161
P059,시간의 여백,P075,경주읍성,11,815
P059,시간의 여백,P076,경주 첨성대,21,1628
P060,리커피하우스,P061,로라커피,11,846
P060,리커피하우스,P062,소담루,8,572
P060,리커피하우스,P063,위주,7,511
P060,리커피하우스,P064,크루그,5,351
P060,리커피하우스,P065,나봉상점 경주점,7,521
P060,리커피하우스,P066,연화,12,892
P060,리커피하우스,P067,yesterday,20,1545
P060,리커피하우스,P068,진수성찬,24,1884
P060,리커피하우스,P069,베이글베이글러,19,1422
P060,리커피하우스,P070,경주 핑크뮬리(경주 핑크뮬리 군락지),18,1380
P060,리커피하우스,P071,경주 교촌마을,24,1869
P060,리커피하우스,P072,경주 황리단길,8,597
P060,리커피하우스,P073,경주 계림,22,1683
P060,리커피하우스,P074,월정교,28,2187
P060,리커피하우스,P075,경주읍성,12,892
P060,리커피하우스,P076,경주 첨성대,18,1419
P061,로라커피,P062,소담루,6,447
P061,로라커피,P063,위주,8,609
P061,로라커피,P064,크루그,8,596
P061,로라커피,P065,나봉상점 경주점,10,764
P061,로라커피,P066,연화,15,1115
P061,로라커피,P067,yesterday,17,1238
P062,소담루,P063,위주,2,162
P062,소담루,P064,크루그,3,244
P062,소담루,P065,나봉상점 경주점,14,1090
P062,소담루,P066,연화,19,1418
P062,소담루,P067,yesterday,22,1590
P063,위주,P064,크루그,2,183
P063,위주,P065,나봉상점 경주점,14,1029
P063,위주,P066,연화,19,1357
P063,위주,P067,yesterday,27,2009
P064,크루그,P065,나봉상점 경주점,12,869
P064,크루그,P066,연화,16,1197
P064,크루그,P067,yesterday,25,1850
P065,나봉상점 경주점,P066,연화,6,389
P065,나봉상점 경주점,P067,yesterday,14,1042
P066,연화,P067,yesterday,8,636
P068,진수성찬,P061,로라커피,28,2174
P068,진수성찬,P062,소담루,32,2445
P068,진수성찬,P063,위주,31,2384
P068,진수성찬,P064,크루그,29,2224
P068,진수성찬,P065,나봉상점 경주점,22,1750
P068,진수성찬,P066,연화,26,1938
P068,진수성찬,P067,yesterday,31,2327
P068,진수성찬,P069,베이글베이글러,4,294
P068,진수성찬,P070,경주 핑크뮬리(경주 핑크뮬리 군락지),14,1053
P068,진수성찬,P071,경주 교촌마을,3,222
P068,진수성찬,P072,경주 황리단길,15,1153
P068,진수성찬,P073,경주 계림,9,648
P068,진수성찬,P074,월정교,7,539
P068,진수성찬,P075,경주읍성,29,2221
P068,진수성찬,P076,경주 첨성대,13,992
P069,베이글베이글러,P061,로라커피,25,1954
P069,베이글베이글러,P062,소담루,26,1930
P069,베이글베이글러,P063,위주,25,1869
P069,베이글베이글러,P064,크루그,23,1709
P069,베이글베이글러,P065,나봉상점 경주점,19,1529
P069,베이글베이글러,P066,연화,23,1718
P069,베이글베이글러,P067,yesterday,28,2107
P069,베이글베이글러,P070,경주 핑크뮬리(경주 핑크뮬리 군락지),11,833
P069,베이글베이글러,P071,경주 교촌마을,4,280
P069,베이글베이글러,P072,경주 황리단길,11,860
P069,베이글베이글러,P073,경주 계림,10,784
P069,베이글베이글러,P074,월정교,8,597
P069,베이글베이글러,P075,경주읍성,26,2001
P069,베이글베이글러,P076,경주 첨성대,10,772
P070,경주 핑크뮬리(경주 핑크뮬리 군락지),P061,로라커피,23,1602
P070,경주 핑크뮬리(경주 핑크뮬리 군락지),P062,소담루,27,1927
P070,경주 핑크뮬리(경주 핑크뮬리 군락지),P063,위주,26,1867
P070,경주 핑크뮬리(경주 핑크뮬리 군락지),P064,크루그,24,1707
P070,경주 핑크뮬리(경주 핑크뮬리 군락지),P065,나봉상점 경주점,12,876
P070,경주 핑크뮬리(경주 핑크뮬리 군락지),P066,연화,13,1012
P070,경주 핑크뮬리(경주 핑크뮬리 군락지),P067,yesterday,17,1274
P070,경주 핑크뮬리(경주 핑크뮬리 군락지),P071,경주 교촌마을,13,1038
P070,경주 핑크뮬리(경주 핑크뮬리 군락지),P072,경주 황리단길,16,1254
P070,경주 핑크뮬리(경주 핑크뮬리 군락지),P073,경주 계림,8,587
P070,경주 핑크뮬리(경주 핑크뮬리 군락지),P074,월정교,17,1356
P070,경주 핑크뮬리(경주 핑크뮬리 군락지),P075,경주읍성,23,1649
P070,경주 핑크뮬리(경주 핑크뮬리 군락지),P076,경주 첨성대,4,323
P071,경주 교촌마을,P061,로라커피,28,2160
P071,경주 교촌마을,P062,소담루,32,2431
P071,경주 교촌마을,P063,위주,31,2370
P071,경주 교촌마을,P064,크루그,29,2210
P071,경주 교촌마을,P065,나봉상점 경주점,22,1735
P071,경주 교촌마을,P066,연화,26,1924
P071,경주 교촌마을,P067,yesterday,30,2313
P071,경주 교촌마을,P072,경주 황리단길,15,1139
P071,경주 교촌마을,P073,경주 계림,8,574
P071,경주 교촌마을,P074,월정교,5,373
P071,경주 교촌마을,P075,경주읍성,29,2207
P071,경주 교촌마을,P076,경주 첨성대,11,807
P072,경주 황리단길,P061,로라커피,18,1339
P072,경주 황리단길,P062,소담루,15,1105
P072,경주 황리단길,P063,위주,14,1044
P072,경주 황리단길,P064,크루그,12,885
P072,경주 황리단길,P065,나봉상점 경주점,13,950
P072,경주 황리단길,P066,연화,19,1328
P072,경주 황리단길,P067,yesterday,27,1980
P072,경주 황리단길,P073,경주 계림,18,1343
P072,경주 황리단길,P074,월정교,19,1456
P072,경주 황리단길,P075,경주읍성,19,1386
P072,경주 황리단길,P076,경주 첨성대,14,1079
P073,경주 계림,P061,로라커피,26,1973
P073,경주 계림,P062,소담루,30,2244
P073,경주 계림,P063,위주,29,2183
P073,경주 계림,P064,크루그,27,2023
P073,경주 계림,P065,나봉상점 경주점,20,1412
P073,경주 계림,P066,연화,21,1548
P073,경주 계림,P067,yesterday,23,1716
P073,경주 계림,P074,월정교,12,939
P073,경주 계림,P075,경주읍성,27,2020
P073,경주 계림,P076,경주 첨성대,4,285
P074,월정교,P061,로라커피,32,2477
P074,월정교,P062,소담루,36,2748
P074,월정교,P063,위주,35,2687
P074,월정교,P064,크루그,33,2527
P074,월정교,P065,나봉상점 경주점,26,2052
P074,월정교,P066,연화,30,2242
P074,월정교,P067,yesterday,34,2630
P074,월정교,P075,경주읍성,33,2524
P074,월정교,P076,경주 첨성대,16,1173
P075,경주읍성,P061,로라커피,1,71
P075,경주읍성,P062,소담루,6,423
P075,경주읍성,P063,위주,8,585
P075,경주읍성,P064,크루그,8,643
P075,경주읍성,P065,나봉상점 경주점,11,811
P075,경주읍성,P066,연화,15,1162
P075,경주읍성,P067,yesterday,16,1192
P075,경주읍성,P076,경주 첨성대,23,1757
P076,경주 첨성대,P061,로라커피,22,1710
P076,경주 첨성대,P062,소담루,26,1981
P076,경주 첨성대,P063,위주,25,1920
P076,경주 첨성대,P064,크루그,23,1760
P076,경주 첨성대,P065,나봉상점 경주점,16,1148
P076,경주 첨성대,P066,연화,17,1284
P076,경주 첨성대,P067,yesterday,20,1507
P077,파도소리길,P001,황리단길(출발지),,
P077,파도소리길,P002,금리단길(출발지),,
P077,파도소리길,P003,첨성대(출발지),,
P077,파도소리길,P004,교촌마을(출발지),,
P077,파도소리길,P005,987피자,,
P077,파도소리길,P006,료미,,
P077,파도소리길,P007,백년손님,,
P077,파도소리길,P008,백조식당,,
P077,파도소리길,P009,줄리스,,
P077,파도소리길,P010,포롱아밀 황남점,,
P077,파도소리길,P011,화양연화,,
P077,파도소리길,P012,료코,,
P077,파도소리길,P013,황남두꺼비식당 황남본점,,
P077,파도소리길,P014,피자옥,,
P077,파도소리길,P015,범외양간 황리단길본점,,
P077,파도소리길,P016,경주황소곱창 황리단길본점,,
P077,파도소리길,P017,메종드문,,
P077,파도소리길,P018,풍미갈비찜,,
P077,파도소리길,P019,황남갈비,,
P077,파도소리길,P020,타베르나,,
P077,파도소리길,P021,소나무 황리단길본점,,
P077,파도소리길,P022,오칼국수,,
P077,파도소리길,P023,황남거북이,,
P077,파도소리길,P024,그때그소간지,,
P077,파도소리길,P025,짚불함박,,
P077,파도소리길,P026,향밀,,
P077,파도소리길,P027,체크인치즈 황리단길점,,
P077,파도소리길,P028,황남역,,
P077,파도소리길,P029,황남양옥,,
P077,파도소리길,P030,대릉소반,,
P077,파도소리길,P031,미포기사식당,,
P077,파도소리길,P032,황리화덕가,,
P077,파도소리길,P033,향택 경주,,
P077,파도소리길,P034,무궁무진,,
P077,파도소리길,P035,노키,,
P077,파도소리길,P036,마카다,,
P077,파도소리길,P037,황리단 치킨,,
P077,파도소리길,P038,담요 따뜻한 손길,,
P077,파도소리길,P039,스컹크웍스,,
P077,파도소리길,P040,굿즈,,
P077,파도소리길,P041,샬로우커피 황리단길점,,
P077,파도소리길,P042,데어벤치,,
P077,파도소리길,P043,스위피,,
P077,파도소리길,P044,아르떼,,
P077,파도소리길,P045,키도트,,
P077,파도소리길,P046,후프후프,,
P077,파도소리길,P047,올리브,,
P077,파도소리길,P048,양지다방,,
P077,파도소리길,P049,미실카페,,
P077,파도소리길,P050,햇오프커피,,
P077,파도소리길,P051,비화커피,,
P077,파도소리길,P052,오버랩,,
P077,파도소리길,P053,주돈,,
P077,파도소리길,P054,서울뒷고기막창,,
P077,파도소리길,P055,옐라,,
P077,파도소리길,P056,대호당,,
P077,파도소리길,P057,사계돈,,
P077,파도소리길,P058,황오바오,,
P077,파도소리길,P059,시간의 여백,,
P077,파도소리길,P060,리커피하우스,,
P077,파도소리길,P061,로라커피,,
P077,파도소리길,P062,소담루,,
P077,파도소리길,P063,위주,,
P077,파도소리길,P064,크루그,,
P077,파도소리길,P065,나봉상점 경주점,,
P077,파도소리길,P066,연화,,
P077,파도소리길,P067,yesterday,,
P077,파도소리길,P068,진수성찬,,
P077,파도소리길,P069,베이글베이글러,,
P077,파도소리길,P070,경주 핑크뮬리(경주 핑크뮬리 군락지),,
P077,파도소리길,P071,경주 교촌마을,,
P077,파도소리길,P072,경주 황리단길,,
P077,파도소리길,P073,경주 계림,,
P077,파도소리길,P074,월정교,,
P077,파도소리길,P075,경주읍성,,
P077,파도소리길,P076,경주 첨성대,,
P077,파도소리길,P078,빛누리정원,,
P077,파도소리길,P079,경주 불국사 [유네스코 세계유산],,
P077,파도소리길,P080,황성공원,,
P077,파도소리길,P081,경주 보문관광단지,,
P077,파도소리길,P082,화랑의 언덕,,
P077,파도소리길,P083,나정고운모래해변,,
P077,파도소리길,P084,보문호,,
P077,파도소리길,P085,감포항,,
P077,파도소리길,P086,국민힐링파크,,
P077,파도소리길,P087,경주 서출지,,
P077,파도소리길,P088,경주엑스포대공원,,
P077,파도소리길,P089,보문정(경주),,
P077,파도소리길,P090,신라왕경숲,,
P077,파도소리길,P091,경주 문무대왕릉,,
P078,빛누리정원,P001,황리단길(출발지),,
P078,빛누리정원,P002,금리단길(출발지),,
P078,빛누리정원,P003,첨성대(출발지),,
P078,빛누리정원,P004,교촌마을(출발지),,
P078,빛누리정원,P005,987피자,,
P078,빛누리정원,P006,료미,,
P078,빛누리정원,P007,백년손님,,
P078,빛누리정원,P008,백조식당,,
P078,빛누리정원,P009,줄리스,,
P078,빛누리정원,P010,포롱아밀 황남점,,
P078,빛누리정원,P011,화양연화,,
P078,빛누리정원,P012,료코,,
P078,빛누리정원,P013,황남두꺼비식당 황남본점,,
P078,빛누리정원,P014,피자옥,,
P078,빛누리정원,P015,범외양간 황리단길본점,,
P078,빛누리정원,P016,경주황소곱창 황리단길본점,,
P078,빛누리정원,P017,메종드문,,
P078,빛누리정원,P018,풍미갈비찜,,
P078,빛누리정원,P019,황남갈비,,
P078,빛누리정원,P020,타베르나,,
P078,빛누리정원,P021,소나무 황리단길본점,,
P078,빛누리정원,P022,오칼국수,,
P078,빛누리정원,P023,황남거북이,,
P078,빛누리정원,P024,그때그소간지,,
P078,빛누리정원,P025,짚불함박,,
P078,빛누리정원,P026,향밀,,
P078,빛누리정원,P027,체크인치즈 황리단길점,,
P078,빛누리정원,P028,황남역,,
P078,빛누리정원,P029,황남양옥,,
P078,빛누리정원,P030,대릉소반,,
P078,빛누리정원,P031,미포기사식당,,
P078,빛누리정원,P032,황리화덕가,,
P078,빛누리정원,P033,향택 경주,,
P078,빛누리정원,P034,무궁무진,,
P078,빛누리정원,P035,노키,,
P078,빛누리정원,P036,마카다,,
P078,빛누리정원,P037,황리단 치킨,,
P078,빛누리정원,P038,담요 따뜻한 손길,,
P078,빛누리정원,P039,스컹크웍스,,
P078,빛누리정원,P040,굿즈,,
P078,빛누리정원,P041,샬로우커피 황리단길점,,
P078,빛누리정원,P042,데어벤치,,
P078,빛누리정원,P043,스위피,,
P078,빛누리정원,P044,아르떼,,
P078,빛누리정원,P045,키도트,,
P078,빛누리정원,P046,후프후프,,
P078,빛누리정원,P047,올리브,,
P078,빛누리정원,P048,양지다방,,
P078,빛누리정원,P049,미실카페,,
P078,빛누리정원,P050,햇오프커피,,
P078,빛누리정원,P051,비화커피,,
P078,빛누리정원,P052,오버랩,,
P078,빛누리정원,P053,주돈,,
P078,빛누리정원,P054,서울뒷고기막창,,
P078,빛누리정원,P055,옐라,,
P078,빛누리정원,P056,대호당,,
P078,빛누리정원,P057,사계돈,,
P078,빛누리정원,P058,황오바오,,
P078,빛누리정원,P059,시간의 여백,,
P078,빛누리정원,P060,리커피하우스,,
P078,빛누리정원,P061,로라커피,,
P078,빛누리정원,P062,소담루,,
P078,빛누리정원,P063,위주,,
P078,빛누리정원,P064,크루그,,
P078,빛누리정원,P065,나봉상점 경주점,,
P078,빛누리정원,P066,연화,,
P078,빛누리정원,P067,yesterday,,
P078,빛누리정원,P068,진수성찬,,
P078,빛누리정원,P069,베이글베이글러,,
P078,빛누리정원,P070,경주 핑크뮬리(경주 핑크뮬리 군락지),,
P078,빛누리정원,P071,경주 교촌마을,,
P078,빛누리정원,P072,경주 황리단길,,
P078,빛누리정원,P073,경주 계림,,
P078,빛누리정원,P074,월정교,,
P078,빛누리정원,P075,경주읍성,,
P078,빛누리정원,P076,경주 첨성대,,
P078,빛누리정원,P079,경주 불국사 [유네스코 세계유산],,
P078,빛누리정원,P080,황성공원,,
P078,빛누리정원,P081,경주 보문관광단지,,
P078,빛누리정원,P082,화랑의 언덕,,
P078,빛누리정원,P083,나정고운모래해변,,
P078,빛누리정원,P084,보문호,,
P078,빛누리정원,P085,감포항,,
P078,빛누리정원,P086,국민힐링파크,,
P078,빛누리정원,P087,경주 서출지,,
P078,빛누리정원,P088,경주엑스포대공원,,
P078,빛누리정원,P089,보문정(경주),,
P078,빛누리정원,P090,신라왕경숲,,
P078,빛누리정원,P091,경주 문무대왕릉,,
P079,경주 불국사 [유네스코 세계유산],P001,황리단길(출발지),,
P079,경주 불국사 [유네스코 세계유산],P002,금리단길(출발지),,
P079,경주 불국사 [유네스코 세계유산],P003,첨성대(출발지),,
P079,경주 불국사 [유네스코 세계유산],P004,교촌마을(출발지),,
P079,경주 불국사 [유네스코 세계유산],P005,987피자,,
P079,경주 불국사 [유네스코 세계유산],P006,료미,,
P079,경주 불국사 [유네스코 세계유산],P007,백년손님,,
P079,경주 불국사 [유네스코 세계유산],P008,백조식당,,
P079,경주 불국사 [유네스코 세계유산],P009,줄리스,,
P079,경주 불국사 [유네스코 세계유산],P010,포롱아밀 황남점,,
P079,경주 불국사 [유네스코 세계유산],P011,화양연화,,
P079,경주 불국사 [유네스코 세계유산],P012,료코,,
P079,경주 불국사 [유네스코 세계유산],P013,황남두꺼비식당 황남본점,,
P079,경주 불국사 [유네스코 세계유산],P014,피자옥,,
P079,경주 불국사 [유네스코 세계유산],P015,범외양간 황리단길본점,,
P079,경주 불국사 [유네스코 세계유산],P016,경주황소곱창 황리단길본점,,
P079,경주 불국사 [유네스코 세계유산],P017,메종드문,,
P079,경주 불국사 [유네스코 세계유산],P018,풍미갈비찜,,
P079,경주 불국사 [유네스코 세계유산],P019,황남갈비,,
P079,경주 불국사 [유네스코 세계유산],P020,타베르나,,
P079,경주 불국사 [유네스코 세계유산],P021,소나무 황리단길본점,,
P079,경주 불국사 [유네스코 세계유산],P022,오칼국수,,
P079,경주 불국사 [유네스코 세계유산],P023,황남거북이,,
P079,경주 불국사 [유네스코 세계유산],P024,그때그소간지,,
P079,경주 불국사 [유네스코 세계유산],P025,짚불함박,,
P079,경주 불국사 [유네스코 세계유산],P026,향밀,,
P079,경주 불국사 [유네스코 세계유산],P027,체크인치즈 황리단길점,,
P079,경주 불국사 [유네스코 세계유산],P028,황남역,,
P079,경주 불국사 [유네스코 세계유산],P029,황남양옥,,
P079,경주 불국사 [유네스코 세계유산],P030,대릉소반,,
P079,경주 불국사 [유네스코 세계유산],P031,미포기사식당,,
P079,경주 불국사 [유네스코 세계유산],P032,황리화덕가,,
P079,경주 불국사 [유네스코 세계유산],P033,향택 경주,,
P079,경주 불국사 [유네스코 세계유산],P034,무궁무진,,
P079,경주 불국사 [유네스코 세계유산],P035,노키,,
P079,경주 불국사 [유네스코 세계유산],P036,마카다,,
P079,경주 불국사 [유네스코 세계유산],P037,황리단 치킨,,
P079,경주 불국사 [유네스코 세계유산],P038,담요 따뜻한 손길,,
P079,경주 불국사 [유네스코 세계유산],P039,스컹크웍스,,
P079,경주 불국사 [유네스코 세계유산],P040,굿즈,,
P079,경주 불국사 [유네스코 세계유산],P041,샬로우커피 황리단길점,,
P079,경주 불국사 [유네스코 세계유산],P042,데어벤치,,
P079,경주 불국사 [유네스코 세계유산],P043,스위피,,
P079,경주 불국사 [유네스코 세계유산],P044,아르떼,,
P079,경주 불국사 [유네스코 세계유산],P045,키도트,,
P079,경주 불국사 [유네스코 세계유산],P046,후프후프,,
P079,경주 불국사 [유네스코 세계유산],P047,올리브,,
P079,경주 불국사 [유네스코 세계유산],P048,양지다방,,
P079,경주 불국사 [유네스코 세계유산],P049,미실카페,,
P079,경주 불국사 [유네스코 세계유산],P050,햇오프커피,,
P079,경주 불국사 [유네스코 세계유산],P051,비화커피,,
P079,경주 불국사 [유네스코 세계유산],P052,오버랩,,
P079,경주 불국사 [유네스코 세계유산],P053,주돈,,
P079,경주 불국사 [유네스코 세계유산],P054,서울뒷고기막창,,
P079,경주 불국사 [유네스코 세계유산],P055,옐라,,
P079,경주 불국사 [유네스코 세계유산],P056,대호당,,
P079,경주 불국사 [유네스코 세계유산],P057,사계돈,,
P079,경주 불국사 [유네스코 세계유산],P058,황오바오,,
P079,경주 불국사 [유네스코 세계유산],P059,시간의 여백,,
P079,경주 불국사 [유네스코 세계유산],P060,리커피하우스,,
P079,경주 불국사 [유네스코 세계유산],P061,로라커피,,
P079,경주 불국사 [유네스코 세계유산],P062,소담루,,
P079,경주 불국사 [유네스코 세계유산],P063,위주,,
P079,경주 불국사 [유네스코 세계유산],P064,크루그,,
P079,경주 불국사 [유네스코 세계유산],P065,나봉상점 경주점,,
P079,경주 불국사 [유네스코 세계유산],P066,연화,,
P079,경주 불국사 [유네스코 세계유산],P067,yesterday,,
P079,경주 불국사 [유네스코 세계유산],P068,진수성찬,,
P079,경주 불국사 [유네스코 세계유산],P069,베이글베이글러,,
P079,경주 불국사 [유네스코 세계유산],P070,경주 핑크뮬리(경주 핑크뮬리 군락지),,
P079,경주 불국사 [유네스코 세계유산],P071,경주 교촌마을,,
P079,경주 불국사 [유네스코 세계유산],P072,경주 황리단길,,
P079,경주 불국사 [유네스코 세계유산],P073,경주 계림,,
P079,경주 불국사 [유네스코 세계유산],P074,월정교,,
P079,경주 불국사 [유네스코 세계유산],P075,경주읍성,,
P079,경주 불국사 [유네스코 세계유산],P076,경주 첨성대,,
P079,경주 불국사 [유네스코 세계유산],P080,황성공원,,
P079,경주 불국사 [유네스코 세계유산],P081,경주 보문관광단지,,
P079,경주 불국사 [유네스코 세계유산],P082,화랑의 언덕,,
P079,경주 불국사 [유네스코 세계유산],P083,나정고운모래해변,,
P079,경주 불국사 [유네스코 세계유산],P084,보문호,,
P079,경주 불국사 [유네스코 세계유산],P085,감포항,,
P079,경주 불국사 [유네스코 세계유산],P086,국민힐링파크,,
P079,경주 불국사 [유네스코 세계유산],P087,경주 서출지,,
P079,경주 불국사 [유네스코 세계유산],P088,경주엑스포대공원,,
P079,경주 불국사 [유네스코 세계유산],P089,보문정(경주),,
P079,경주 불국사 [유네스코 세계유산],P090,신라왕경숲,,
P079,경주 불국사 [유네스코 세계유산],P091,경주 문무대왕릉,,
P080,황성공원,P001,황리단길(출발지),,
P080,황성공원,P002,금리단길(출발지),,
P080,황성공원,P003,첨성대(출발지),,
P080,황성공원,P004,교촌마을(출발지),,
P080,황성공원,P005,987피자,,
P080,황성공원,P006,료미,,
P080,황성공원,P007,백년손님,,
P080,황성공원,P008,백조식당,,
P080,황성공원,P009,줄리스,,
P080,황성공원,P010,포롱아밀 황남점,,
P080,황성공원,P011,화양연화,,
P080,황성공원,P012,료코,,
P080,황성공원,P013,황남두꺼비식당 황남본점,,
P080,황성공원,P014,피자옥,,
P080,황성공원,P015,범외양간 황리단길본점,,
P080,황성공원,P016,경주황소곱창 황리단길본점,,
P080,황성공원,P017,메종드문,,
P080,황성공원,P018,풍미갈비찜,,
P080,황성공원,P019,황남갈비,,
P080,황성공원,P020,타베르나,,
P080,황성공원,P021,소나무 황리단길본점,,
P080,황성공원,P022,오칼국수,,
P080,황성공원,P023,황남거북이,,
P080,황성공원,P024,그때그소간지,,
P080,황성공원,P025,짚불함박,,
P080,황성공원,P026,향밀,,
P080,황성공원,P027,체크인치즈 황리단길점,,
P080,황성공원,P028,황남역,,
P080,황성공원,P029,황남양옥,,
P080,황성공원,P030,대릉소반,,
P080,황성공원,P031,미포기사식당,,
P080,황성공원,P032,황리화덕가,,
P080,황성공원,P033,향택 경주,,
P080,황성공원,P034,무궁무진,,
P080,황성공원,P035,노키,,
P080,황성공원,P036,마카다,,
P080,황성공원,P037,황리단 치킨,,
P080,황성공원,P038,담요 따뜻한 손길,,
P080,황성공원,P039,스컹크웍스,,
P080,황성공원,P040,굿즈,,
P080,황성공원,P041,샬로우커피 황리단길점,,
P080,황성공원,P042,데어벤치,,
P080,황성공원,P043,스위피,,
P080,황성공원,P044,아르떼,,
P080,황성공원,P045,키도트,,
P080,황성공원,P046,후프후프,,
P080,황성공원,P047,올리브,,
P080,황성공원,P048,양지다방,,
P080,황성공원,P049,미실카페,,
P080,황성공원,P050,햇오프커피,,
P080,황성공원,P051,비화커피,,
P080,황성공원,P052,오버랩,,
P080,황성공원,P053,주돈,,
P080,황성공원,P054,서울뒷고기막창,,
P080,황성공원,P055,옐라,,
P080,황성공원,P056,대호당,,
P080,황성공원,P057,사계돈,,
P080,황성공원,P058,황오바오,,
P080,황성공원,P059,시간의 여백,,
P080,황성공원,P060,리커피하우스,,
P080,황성공원,P061,로라커피,,
P080,황성공원,P062,소담루,,
P080,황성공원,P063,위주,,
P080,황성공원,P064,크루그,,
P080,황성공원,P065,나봉상점 경주점,,
P080,황성공원,P066,연화,,
P080,황성공원,P067,yesterday,,
P080,황성공원,P068,진수성찬,,
P080,황성공원,P069,베이글베이글러,,
P080,황성공원,P070,경주 핑크뮬리(경주 핑크뮬리 군락지),,
P080,황성공원,P071,경주 교촌마을,,
P080,황성공원,P072,경주 황리단길,,
P080,황성공원,P073,경주 계림,,
P080,황성공원,P074,월정교,,
P080,황성공원,P075,경주읍성,,
P080,황성공원,P076,경주 첨성대,,
P080,황성공원,P081,경주 보문관광단지,,
P080,황성공원,P082,화랑의 언덕,,
P080,황성공원,P083,나정고운모래해변,,
P080,황성공원,P084,보문호,,
P080,황성공원,P085,감포항,,
P080,황성공원,P086,국민힐링파크,,
P080,황성공원,P087,경주 서출지,,
P080,황성공원,P088,경주엑스포대공원,,
P080,황성공원,P089,보문정(경주),,
P080,황성공원,P090,신라왕경숲,,
P080,황성공원,P091,경주 문무대왕릉,,
P081,경주 보문관광단지,P001,황리단길(출발지),,
P081,경주 보문관광단지,P002,금리단길(출발지),,
P081,경주 보문관광단지,P003,첨성대(출발지),,
P081,경주 보문관광단지,P004,교촌마을(출발지),,
P081,경주 보문관광단지,P005,987피자,,
P081,경주 보문관광단지,P006,료미,,
P081,경주 보문관광단지,P007,백년손님,,
P081,경주 보문관광단지,P008,백조식당,,
P081,경주 보문관광단지,P009,줄리스,,
P081,경주 보문관광단지,P010,포롱아밀 황남점,,
P081,경주 보문관광단지,P011,화양연화,,
P081,경주 보문관광단지,P012,료코,,
P081,경주 보문관광단지,P013,황남두꺼비식당 황남본점,,
P081,경주 보문관광단지,P014,피자옥,,
P081,경주 보문관광단지,P015,범외양간 황리단길본점,,
P081,경주 보문관광단지,P016,경주황소곱창 황리단길본점,,
P081,경주 보문관광단지,P017,메종드문,,
P081,경주 보문관광단지,P018,풍미갈비찜,,
P081,경주 보문관광단지,P019,황남갈비,,
P081,경주 보문관광단지,P020,타베르나,,
P081,경주 보문관광단지,P021,소나무 황리단길본점,,
P081,경주 보문관광단지,P022,오칼국수,,
P081,경주 보문관광단지,P023,황남거북이,,
P081,경주 보문관광단지,P024,그때그소간지,,
P081,경주 보문관광단지,P025,짚불함박,,
P081,경주 보문관광단지,P026,향밀,,
P081,경주 보문관광단지,P027,체크인치즈 황리단길점,,
P081,경주 보문관광단지,P028,황남역,,
P081,경주 보문관광단지,P029,황남양옥,,
P081,경주 보문관광단지,P030,대릉소반,,
P081,경주 보문관광단지,P031,미포기사식당,,
P081,경주 보문관광단지,P032,황리화덕가,,
P081,경주 보문관광단지,P033,향택 경주,,
P081,경주 보문관광단지,P034,무궁무진,,
P081,경주 보문관광단지,P035,노키,,
P081,경주 보문관광단지,P036,마카다,,
P081,경주 보문관광단지,P037,황리단 치킨,,
P081,경주 보문관광단지,P038,담요 따뜻한 손길,,
P081,경주 보문관광단지,P039,스컹크웍스,,
P081,경주 보문관광단지,P040,굿즈,,
P081,경주 보문관광단지,P041,샬로우커피 황리단길점,,
P081,경주 보문관광단지,P042,데어벤치,,
P081,경주 보문관광단지,P043,스위피,,
P081,경주 보문관광단지,P044,아르떼,,
P081,경주 보문관광단지,P045,키도트,,
P081,경주 보문관광단지,P046,후프후프,,
P081,경주 보문관광단지,P047,올리브,,
P081,경주 보문관광단지,P048,양지다방,,
P081,경주 보문관광단지,P049,미실카페,,
P081,경주 보문관광단지,P050,햇오프커피,,
P081,경주 보문관광단지,P051,비화커피,,
P081,경주 보문관광단지,P052,오버랩,,
P081,경주 보문관광단지,P053,주돈,,
P081,경주 보문관광단지,P054,서울뒷고기막창,,
P081,경주 보문관광단지,P055,옐라,,
P081,경주 보문관광단지,P056,대호당,,
P081,경주 보문관광단지,P057,사계돈,,
P081,경주 보문관광단지,P058,황오바오,,
P081,경주 보문관광단지,P059,시간의 여백,,
P081,경주 보문관광단지,P060,리커피하우스,,
P081,경주 보문관광단지,P061,로라커피,,
P081,경주 보문관광단지,P062,소담루,,
P081,경주 보문관광단지,P063,위주,,
P081,경주 보문관광단지,P064,크루그,,
P081,경주 보문관광단지,P065,나봉상점 경주점,,
P081,경주 보문관광단지,P066,연화,,
P081,경주 보문관광단지,P067,yesterday,,
P081,경주 보문관광단지,P068,진수성찬,,
P081,경주 보문관광단지,P069,베이글베이글러,,
P081,경주 보문관광단지,P070,경주 핑크뮬리(경주 핑크뮬리 군락지),,
P081,경주 보문관광단지,P071,경주 교촌마을,,
P081,경주 보문관광단지,P072,경주 황리단길,,
P081,경주 보문관광단지,P073,경주 계림,,
P081,경주 보문관광단지,P074,월정교,,
P081,경주 보문관광단지,P075,경주읍성,,
P081,경주 보문관광단지,P076,경주 첨성대,,
P081,경주 보문관광단지,P082,화랑의 언덕,,
P081,경주 보문관광단지,P083,나정고운모래해변,,
P081,경주 보문관광단지,P084,보문호,,
P081,경주 보문관광단지,P085,감포항,,
P081,경주 보문관광단지,P086,국민힐링파크,,
P081,경주 보문관광단지,P087,경주 서출지,,
P081,경주 보문관광단지,P088,경주엑스포대공원,,
P081,경주 보문관광단지,P089,보문정(경주),,
P081,경주 보문관광단지,P090,신라왕경숲,,
P081,경주 보문관광단지,P091,경주 문무대왕릉,,
P082,화랑의 언덕,P001,황리단길(출발지),,
P082,화랑의 언덕,P002,금리단길(출발지),,
P082,화랑의 언덕,P003,첨성대(출발지),,
P082,화랑의 언덕,P004,교촌마을(출발지),,
P082,화랑의 언덕,P005,987피자,,
P082,화랑의 언덕,P006,료미,,
P082,화랑의 언덕,P007,백년손님,,
P082,화랑의 언덕,P008,백조식당,,
P082,화랑의 언덕,P009,줄리스,,
P082,화랑의 언덕,P010,포롱아밀 황남점,,
P082,화랑의 언덕,P011,화양연화,,
P082,화랑의 언덕,P012,료코,,
P082,화랑의 언덕,P013,황남두꺼비식당 황남본점,,
P082,화랑의 언덕,P014,피자옥,,
P082,화랑의 언덕,P015,범외양간 황리단길본점,,
P082,화랑의 언덕,P016,경주황소곱창 황리단길본점,,
P082,화랑의 언덕,P017,메종드문,,
P082,화랑의 언덕,P018,풍미갈비찜,,
P082,화랑의 언덕,P019,황남갈비,,
P082,화랑의 언덕,P020,타베르나,,
P082,화랑의 언덕,P021,소나무 황리단길본점,,
P082,화랑의 언덕,P022,오칼국수,,
P082,화랑의 언덕,P023,황남거북이,,
P082,화랑의 언덕,P024,그때그소간지,,
P082,화랑의 언덕,P025,짚불함박,,
P082,화랑의 언덕,P026,향밀,,
P082,화랑의 언덕,P027,체크인치즈 황리단길점,,
P082,화랑의 언덕,P028,황남역,,
P082,화랑의 언덕,P029,황남양옥,,
P082,화랑의 언덕,P030,대릉소반,,
P082,화랑의 언덕,P031,미포기사식당,,
P082,화랑의 언덕,P032,황리화덕가,,
P082,화랑의 언덕,P033,향택 경주,,
P082,화랑의 언덕,P034,무궁무진,,
P082,화랑의 언덕,P035,노키,,
P082,화랑의 언덕,P036,마카다,,
P082,화랑의 언덕,P037,황리단 치킨,,
P082,화랑의 언덕,P038,담요 따뜻한 손길,,
P082,화랑의 언덕,P039,스컹크웍스,,
P082,화랑의 언덕,P040,굿즈,,
P082,화랑의 언덕,P041,샬로우커피 황리단길점,,
P082,화랑의 언덕,P042,데어벤치,,
P082,화랑의 언덕,P043,스위피,,
P082,화랑의 언덕,P044,아르떼,,
P082,화랑의 언덕,P045,키도트,,
P082,화랑의 언덕,P046,후프후프,,
P082,화랑의 언덕,P047,올리브,,
P082,화랑의 언덕,P048,양지다방,,
P082,화랑의 언덕,P049,미실카페,,
P082,화랑의 언덕,P050,햇오프커피,,
P082,화랑의 언덕,P051,비화커피,,
P082,화랑의 언덕,P052,오버랩,,
P082,화랑의 언덕,P053,주돈,,
P082,화랑의 언덕,P054,서울뒷고기막창,,
P082,화랑의 언덕,P055,옐라,,
P082,화랑의 언덕,P056,대호당,,
P082,화랑의 언덕,P057,사계돈,,
P082,화랑의 언덕,P058,황오바오,,
P082,화랑의 언덕,P059,시간의 여백,,
P082,화랑의 언덕,P060,리커피하우스,,
P082,화랑의 언덕,P061,로라커피,,
P082,화랑의 언덕,P062,소담루,,
P082,화랑의 언덕,P063,위주,,
P082,화랑의 언덕,P064,크루그,,
P082,화랑의 언덕,P065,나봉상점 경주점,,
P082,화랑의 언덕,P066,연화,,
P082,화랑의 언덕,P067,yesterday,,
P082,화랑의 언덕,P068,진수성찬,,
P082,화랑의 언덕,P069,베이글베이글러,,
P082,화랑의 언덕,P070,경주 핑크뮬리(경주 핑크뮬리 군락지),,
P082,화랑의 언덕,P071,경주 교촌마을,,
P082,화랑의 언덕,P072,경주 황리단길,,
P082,화랑의 언덕,P073,경주 계림,,
P082,화랑의 언덕,P074,월정교,,
P082,화랑의 언덕,P075,경주읍성,,
P082,화랑의 언덕,P076,경주 첨성대,,
P082,화랑의 언덕,P083,나정고운모래해변,,
P082,화랑의 언덕,P084,보문호,,
P082,화랑의 언덕,P085,감포항,,
P082,화랑의 언덕,P086,국민힐링파크,,
P082,화랑의 언덕,P087,경주 서출지,,
P082,화랑의 언덕,P088,경주엑스포대공원,,
P082,화랑의 언덕,P089,보문정(경주),,
P082,화랑의 언덕,P090,신라왕경숲,,
P082,화랑의 언덕,P091,경주 문무대왕릉,,
P083,나정고운모래해변,P001,황리단길(출발지),,
P083,나정고운모래해변,P002,금리단길(출발지),,
P083,나정고운모래해변,P003,첨성대(출발지),,
P083,나정고운모래해변,P004,교촌마을(출발지),,
P083,나정고운모래해변,P005,987피자,,
P083,나정고운모래해변,P006,료미,,
P083,나정고운모래해변,P007,백년손님,,
P083,나정고운모래해변,P008,백조식당,,
P083,나정고운모래해변,P009,줄리스,,
P083,나정고운모래해변,P010,포롱아밀 황남점,,
P083,나정고운모래해변,P011,화양연화,,
P083,나정고운모래해변,P012,료코,,
P083,나정고운모래해변,P013,황남두꺼비식당 황남본점,,
P083,나정고운모래해변,P014,피자옥,,
P083,나정고운모래해변,P015,범외양간 황리단길본점,,
P083,나정고운모래해변,P016,경주황소곱창 황리단길본점,,
P083,나정고운모래해변,P017,메종드문,,
P083,나정고운모래해변,P018,풍미갈비찜,,
P083,나정고운모래해변,P019,황남갈비,,
P083,나정고운모래해변,P020,타베르나,,
P083,나정고운모래해변,P021,소나무 황리단길본점,,
P083,나정고운모래해변,P022,오칼국수,,
P083,나정고운모래해변,P023,황남거북이,,
P083,나정고운모래해변,P024,그때그소간지,,
P083,나정고운모래해변,P025,짚불함박,,
P083,나정고운모래해변,P026,향밀,,
P083,나정고운모래해변,P027,체크인치즈 황리단길점,,
P083,나정고운모래해변,P028,황남역,,
P083,나정고운모래해변,P029,황남양옥,,
P083,나정고운모래해변,P030,대릉소반,,
P083,나정고운모래해변,P031,미포기사식당,,
P083,나정고운모래해변,P032,황리화덕가,,
P083,나정고운모래해변,P033,향택 경주,,
P083,나정고운모래해변,P034,무궁무진,,
P083,나정고운모래해변,P035,노키,,
P083,나정고운모래해변,P036,마카다,,
P083,나정고운모래해변,P037,황리단 치킨,,
P083,나정고운모래해변,P038,담요 따뜻한 손길,,
P083,나정고운모래해변,P039,스컹크웍스,,
P083,나정고운모래해변,P040,굿즈,,
P083,나정고운모래해변,P041,샬로우커피 황리단길점,,
P083,나정고운모래해변,P042,데어벤치,,
P083,나정고운모래해변,P043,스위피,,
P083,나정고운모래해변,P044,아르떼,,
P083,나정고운모래해변,P045,키도트,,
P083,나정고운모래해변,P046,후프후프,,
P083,나정고운모래해변,P047,올리브,,
P083,나정고운모래해변,P048,양지다방,,
P083,나정고운모래해변,P049,미실카페,,
P083,나정고운모래해변,P050,햇오프커피,,
P083,나정고운모래해변,P051,비화커피,,
P083,나정고운모래해변,P052,오버랩,,
P083,나정고운모래해변,P053,주돈,,
P083,나정고운모래해변,P054,서울뒷고기막창,,
P083,나정고운모래해변,P055,옐라,,
P083,나정고운모래해변,P056,대호당,,
P083,나정고운모래해변,P057,사계돈,,
P083,나정고운모래해변,P058,황오바오,,
P083,나정고운모래해변,P059,시간의 여백,,
P083,나정고운모래해변,P060,리커피하우스,,
P083,나정고운모래해변,P061,로라커피,,
P083,나정고운모래해변,P062,소담루,,
P083,나정고운모래해변,P063,위주,,
P083,나정고운모래해변,P064,크루그,,
P083,나정고운모래해변,P065,나봉상점 경주점,,
P083,나정고운모래해변,P066,연화,,
P083,나정고운모래해변,P067,yesterday,,
P083,나정고운모래해변,P068,진수성찬,,
P083,나정고운모래해변,P069,베이글베이글러,,
P083,나정고운모래해변,P070,경주 핑크뮬리(경주 핑크뮬리 군락지),,
P083,나정고운모래해변,P071,경주 교촌마을,,
P083,나정고운모래해변,P072,경주 황리단길,,
P083,나정고운모래해변,P073,경주 계림,,
P083,나정고운모래해변,P074,월정교,,
P083,나정고운모래해변,P075,경주읍성,,
P083,나정고운모래해변,P076,경주 첨성대,,
P083,나정고운모래해변,P084,보문호,,
P083,나정고운모래해변,P085,감포항,,
P083,나정고운모래해변,P086,국민힐링파크,,
P083,나정고운모래해변,P087,경주 서출지,,
P083,나정고운모래해변,P088,경주엑스포대공원,,
P083,나정고운모래해변,P089,보문정(경주),,
P083,나정고운모래해변,P090,신라왕경숲,,
P083,나정고운모래해변,P091,경주 문무대왕릉,,
P084,보문호,P001,황리단길(출발지),,
P084,보문호,P002,금리단길(출발지),,
P084,보문호,P003,첨성대(출발지),,
P084,보문호,P004,교촌마을(출발지),,
P084,보문호,P005,987피자,,
P084,보문호,P006,료미,,
P084,보문호,P007,백년손님,,
P084,보문호,P008,백조식당,,
P084,보문호,P009,줄리스,,
P084,보문호,P010,포롱아밀 황남점,,
P084,보문호,P011,화양연화,,
P084,보문호,P012,료코,,
P084,보문호,P013,황남두꺼비식당 황남본점,,
P084,보문호,P014,피자옥,,
P084,보문호,P015,범외양간 황리단길본점,,
P084,보문호,P016,경주황소곱창 황리단길본점,,
P084,보문호,P017,메종드문,,
P084,보문호,P018,풍미갈비찜,,
P084,보문호,P019,황남갈비,,
P084,보문호,P020,타베르나,,
P084,보문호,P021,소나무 황리단길본점,,
P084,보문호,P022,오칼국수,,
P084,보문호,P023,황남거북이,,
P084,보문호,P024,그때그소간지,,
P084,보문호,P025,짚불함박,,
P084,보문호,P026,향밀,,
P084,보문호,P027,체크인치즈 황리단길점,,
P084,보문호,P028,황남역,,
P084,보문호,P029,황남양옥,,
P084,보문호,P030,대릉소반,,
P084,보문호,P031,미포기사식당,,
P084,보문호,P032,황리화덕가,,
P084,보문호,P033,향택 경주,,
P084,보문호,P034,무궁무진,,
P084,보문호,P035,노키,,
P084,보문호,P036,마카다,,
P084,보문호,P037,황리단 치킨,,
P084,보문호,P038,담요 따뜻한 손길,,
P084,보문호,P039,스컹크웍스,,
P084,보문호,P040,굿즈,,
P084,보문호,P041,샬로우커피 황리단길점,,
P084,보문호,P042,데어벤치,,
P084,보문호,P043,스위피,,
P084,보문호,P044,아르떼,,
P084,보문호,P045,키도트,,
P084,보문호,P046,후프후프,,
P084,보문호,P047,올리브,,
P084,보문호,P048,양지다방,,
P084,보문호,P049,미실카페,,
P084,보문호,P050,햇오프커피,,
P084,보문호,P051,비화커피,,
P084,보문호,P052,오버랩,,
P084,보문호,P053,주돈,,
P084,보문호,P054,서울뒷고기막창,,
P084,보문호,P055,옐라,,
P084,보문호,P056,대호당,,
P084,보문호,P057,사계돈,,
P084,보문호,P058,황오바오,,
P084,보문호,P059,시간의 여백,,
P084,보문호,P060,리커피하우스,,
P084,보문호,P061,로라커피,,
P084,보문호,P062,소담루,,
P084,보문호,P063,위주,,
P084,보문호,P064,크루그,,
P084,보문호,P065,나봉상점 경주점,,
P084,보문호,P066,연화,,
P084,보문호,P067,yesterday,,
P084,보문호,P068,진수성찬,,
P084,보문호,P069,베이글베이글러,,
P084,보문호,P070,경주 핑크뮬리(경주 핑크뮬리 군락지),,
P084,보문호,P071,경주 교촌마을,,
P084,보문호,P072,경주 황리단길,,
P084,보문호,P073,경주 계림,,
P084,보문호,P074,월정교,,
P084,보문호,P075,경주읍성,,
P084,보문호,P076,경주 첨성대,,
P084,보문호,P085,감포항,,
P084,보문호,P086,국민힐링파크,,
P084,보문호,P087,경주 서출지,,
P084,보문호,P088,경주엑스포대공원,,
P084,보문호,P089,보문정(경주),,
P084,보문호,P090,신라왕경숲,,
P084,보문호,P091,경주 문무대왕릉,,
P085,감포항,P001,황리단길(출발지),,
P085,감포항,P002,금리단길(출발지),,
P085,감포항,P003,첨성대(출발지),,
P085,감포항,P004,교촌마을(출발지),,
P085,감포항,P005,987피자,,
P085,감포항,P006,료미,,
P085,감포항,P007,백년손님,,
P085,감포항,P008,백조식당,,
P085,감포항,P009,줄리스,,
P085,감포항,P010,포롱아밀 황남점,,
P085,감포항,P011,화양연화,,
P085,감포항,P012,료코,,
P085,감포항,P013,황남두꺼비식당 황남본점,,
P085,감포항,P014,피자옥,,
P085,감포항,P015,범외양간 황리단길본점,,
P085,감포항,P016,경주황소곱창 황리단길본점,,
P085,감포항,P017,메종드문,,
P085,감포항,P018,풍미갈비찜,,
P085,감포항,P019,황남갈비,,
P085,감포항,P020,타베르나,,
P085,감포항,P021,소나무 황리단길본점,,
P085,감포항,P022,오칼국수,,
P085,감포항,P023,황남거북이,,
P085,감포항,P024,그때그소간지,,
P085,감포항,P025,짚불함박,,
P085,감포항,P026,향밀,,
P085,감포항,P027,체크인치즈 황리단길점,,
P085,감포항,P028,황남역,,
P085,감포항,P029,황남양옥,,
P085,감포항,P030,대릉소반,,
P085,감포항,P031,미포기사식당,,
P085,감포항,P032,황리화덕가,,
P085,감포항,P033,향택 경주,,
P085,감포항,P034,무궁무진,,
P085,감포항,P035,노키,,
P085,감포항,P036,마카다,,
P085,감포항,P037,황리단 치킨,,
P085,감포항,P038,담요 따뜻한 손길,,
P085,감포항,P039,스컹크웍스,,
P085,감포항,P040,굿즈,,
P085,감포항,P041,샬로우커피 황리단길점,,
P085,감포항,P042,데어벤치,,
P085,감포항,P043,스위피,,
P085,감포항,P044,아르떼,,
P085,감포항,P045,키도트,,
P085,감포항,P046,후프후프,,
P085,감포항,P047,올리브,,
P085,감포항,P048,양지다방,,
P085,감포항,P049,미실카페,,
P085,감포항,P050,햇오프커피,,
P085,감포항,P051,비화커피,,
P085,감포항,P052,오버랩,,
P085,감포항,P053,주돈,,
P085,감포항,P054,서울뒷고기막창,,
P085,감포항,P055,옐라,,
P085,감포항,P056,대호당,,
P085,감포항,P057,사계돈,,
P085,감포항,P058,황오바오,,
P085,감포항,P059,시간의 여백,,
P085,감포항,P060,리커피하우스,,
P085,감포항,P061,로라커피,,
P085,감포항,P062,소담루,,
P085,감포항,P063,위주,,
P085,감포항,P064,크루그,,
P085,감포항,P065,나봉상점 경주점,,
P085,감포항,P066,연화,,
P085,감포항,P067,yesterday,,
P085,감포항,P068,진수성찬,,
P085,감포항,P069,베이글베이글러,,
P085,감포항,P070,경주 핑크뮬리(경주 핑크뮬리 군락지),,
P085,감포항,P071,경주 교촌마을,,
P085,감포항,P072,경주 황리단길,,
P085,감포항,P073,경주 계림,,
P085,감포항,P074,월정교,,
P085,감포항,P075,경주읍성,,
P085,감포항,P076,경주 첨성대,,
P085,감포항,P086,국민힐링파크,,
P085,감포항,P087,경주 서출지,,
P085,감포항,P088,경주엑스포대공원,,
P085,감포항,P089,보문정(경주),,
P085,감포항,P090,신라왕경숲,,
P085,감포항,P091,경주 문무대왕릉,,
P086,국민힐링파크,P001,황리단길(출발지),,
P086,국민힐링파크,P002,금리단길(출발지),,
P086,국민힐링파크,P003,첨성대(출발지),,
P086,국민힐링파크,P004,교촌마을(출발지),,
P086,국민힐링파크,P005,987피자,,
P086,국민힐링파크,P006,료미,,
P086,국민힐링파크,P007,백년손님,,
P086,국민힐링파크,P008,백조식당,,
P086,국민힐링파크,P009,줄리스,,
P086,국민힐링파크,P010,포롱아밀 황남점,,
P086,국민힐링파크,P011,화양연화,,
P086,국민힐링파크,P012,료코,,
P086,국민힐링파크,P013,황남두꺼비식당 황남본점,,
P086,국민힐링파크,P014,피자옥,,
P086,국민힐링파크,P015,범외양간 황리단길본점,,
P086,국민힐링파크,P016,경주황소곱창 황리단길본점,,
P086,국민힐링파크,P017,메종드문,,
P086,국민힐링파크,P018,풍미갈비찜,,
P086,국민힐링파크,P019,황남갈비,,
P086,국민힐링파크,P020,타베르나,,
P086,국민힐링파크,P021,소나무 황리단길본점,,
P086,국민힐링파크,P022,오칼국수,,
P086,국민힐링파크,P023,황남거북이,,
P086,국민힐링파크,P024,그때그소간지,,
P086,국민힐링파크,P025,짚불함박,,
P086,국민힐링파크,P026,향밀,,
P086,국민힐링파크,P027,체크인치즈 황리단길점,,
P086,국민힐링파크,P028,황남역,,
P086,국민힐링파크,P029,황남양옥,,
P086,국민힐링파크,P030,대릉소반,,
P086,국민힐링파크,P031,미포기사식당,,
P086,국민힐링파크,P032,황리화덕가,,
P086,국민힐링파크,P033,향택 경주,,
P086,국민힐링파크,P034,무궁무진,,
P086,국민힐링파크,P035,노키,,
P086,국민힐링파크,P036,마카다,,
P086,국민힐링파크,P037,황리단 치킨,,
P086,국민힐링파크,P038,담요 따뜻한 손길,,
P086,국민힐링파크,P039,스컹크웍스,,
P086,국민힐링파크,P040,굿즈,,
P086,국민힐링파크,P041,샬로우커피 황리단길점,,
P086,국민힐링파크,P042,데어벤치,,
P086,국민힐링파크,P043,스위피,,
P086,국민힐링파크,P044,아르떼,,
P086,국민힐링파크,P045,키도트,,
P086,국민힐링파크,P046,후프후프,,
P086,국민힐링파크,P047,올리브,,
P086,국민힐링파크,P048,양지다방,,
P086,국민힐링파크,P049,미실카페,,
P086,국민힐링파크,P050,햇오프커피,,
P086,국민힐링파크,P051,비화커피,,
P086,국민힐링파크,P052,오버랩,,
P086,국민힐링파크,P053,주돈,,
P086,국민힐링파크,P054,서울뒷고기막창,,
P086,국민힐링파크,P055,옐라,,
P086,국민힐링파크,P056,대호당,,
P086,국민힐링파크,P057,사계돈,,
P086,국민힐링파크,P058,황오바오,,
P086,국민힐링파크,P059,시간의 여백,,
P086,국민힐링파크,P060,리커피하우스,,
P086,국민힐링파크,P061,로라커피,,
P086,국민힐링파크,P062,소담루,,
P086,국민힐링파크,P063,위주,,
P086,국민힐링파크,P064,크루그,,
P086,국민힐링파크,P065,나봉상점 경주점,,
P086,국민힐링파크,P066,연화,,
P086,국민힐링파크,P067,yesterday,,
P086,국민힐링파크,P068,진수성찬,,
P086,국민힐링파크,P069,베이글베이글러,,
P086,국민힐링파크,P070,경주 핑크뮬리(경주 핑크뮬리 군락지),,
P086,국민힐링파크,P071,경주 교촌마을,,
P086,국민힐링파크,P072,경주 황리단길,,
P086,국민힐링파크,P073,경주 계림,,
P086,국민힐링파크,P074,월정교,,
P086,국민힐링파크,P075,경주읍성,,
P086,국민힐링파크,P076,경주 첨성대,,
P086,국민힐링파크,P087,경주 서출지,,
P086,국민힐링파크,P088,경주엑스포대공원,,
P086,국민힐링파크,P089,보문정(경주),,
P086,국민힐링파크,P090,신라왕경숲,,
P086,국민힐링파크,P091,경주 문무대왕릉,,
P087,경주 서출지,P001,황리단길(출발지),,
P087,경주 서출지,P002,금리단길(출발지),,
P087,경주 서출지,P003,첨성대(출발지),,
P087,경주 서출지,P004,교촌마을(출발지),,
P087,경주 서출지,P005,987피자,,
P087,경주 서출지,P006,료미,,
P087,경주 서출지,P007,백년손님,,
P087,경주 서출지,P008,백조식당,,
P087,경주 서출지,P009,줄리스,,
P087,경주 서출지,P010,포롱아밀 황남점,,
P087,경주 서출지,P011,화양연화,,
P087,경주 서출지,P012,료코,,
P087,경주 서출지,P013,황남두꺼비식당 황남본점,,
P087,경주 서출지,P014,피자옥,,
P087,경주 서출지,P015,범외양간 황리단길본점,,
P087,경주 서출지,P016,경주황소곱창 황리단길본점,,
P087,경주 서출지,P017,메종드문,,
P087,경주 서출지,P018,풍미갈비찜,,
P087,경주 서출지,P019,황남갈비,,
P087,경주 서출지,P020,타베르나,,
P087,경주 서출지,P021,소나무 황리단길본점,,
P087,경주 서출지,P022,오칼국수,,
P087,경주 서출지,P023,황남거북이,,
P087,경주 서출지,P024,그때그소간지,,
P087,경주 서출지,P025,짚불함박,,
P087,경주 서출지,P026,향밀,,
P087,경주 서출지,P027,체크인치즈 황리단길점,,
P087,경주 서출지,P028,황남역,,
P087,경주 서출지,P029,황남양옥,,
P087,경주 서출지,P030,대릉소반,,
P087,경주 서출지,P031,미포기사식당,,
P087,경주 서출지,P032,황리화덕가,,
P087,경주 서출지,P033,향택 경주,,
P087,경주 서출지,P034,무궁무진,,
P087,경주 서출지,P035,노키,,
P087,경주 서출지,P036,마카다,,
P087,경주 서출지,P037,황리단 치킨,,
P087,경주 서출지,P038,담요 따뜻한 손길,,
P087,경주 서출지,P039,스컹크웍스,,
P087,경주 서출지,P040,굿즈,,
P087,경주 서출지,P041,샬로우커피 황리단길점,,
P087,경주 서출지,P042,데어벤치,,
P087,경주 서출지,P043,스위피,,
P087,경주 서출지,P044,아르떼,,
P087,경주 서출지,P045,키도트,,
P087,경주 서출지,P046,후프후프,,
P087,경주 서출지,P047,올리브,,
P087,경주 서출지,P048,양지다방,,
P087,경주 서출지,P049,미실카페,,
P087,경주 서출지,P050,햇오프커피,,
P087,경주 서출지,P051,비화커피,,
P087,경주 서출지,P052,오버랩,,
P087,경주 서출지,P053,주돈,,
P087,경주 서출지,P054,서울뒷고기막창,,
P087,경주 서출지,P055,옐라,,
P087,경주 서출지,P056,대호당,,
P087,경주 서출지,P057,사계돈,,
P087,경주 서출지,P058,황오바오,,
P087,경주 서출지,P059,시간의 여백,,
P087,경주 서출지,P060,리커피하우스,,
P087,경주 서출지,P061,로라커피,,
P087,경주 서출지,P062,소담루,,
P087,경주 서출지,P063,위주,,
P087,경주 서출지,P064,크루그,,
P087,경주 서출지,P065,나봉상점 경주점,,
P087,경주 서출지,P066,연화,,
P087,경주 서출지,P067,yesterday,,
P087,경주 서출지,P068,진수성찬,,
P087,경주 서출지,P069,베이글베이글러,,
P087,경주 서출지,P070,경주 핑크뮬리(경주 핑크뮬리 군락지),,
P087,경주 서출지,P071,경주 교촌마을,,
P087,경주 서출지,P072,경주 황리단길,,
P087,경주 서출지,P073,경주 계림,,
P087,경주 서출지,P074,월정교,,
P087,경주 서출지,P075,경주읍성,,
P087,경주 서출지,P076,경주 첨성대,,
P087,경주 서출지,P088,경주엑스포대공원,,
P087,경주 서출지,P089,보문정(경주),,
P087,경주 서출지,P090,신라왕경숲,,
P087,경주 서출지,P091,경주 문무대왕릉,,
P088,경주엑스포대공원,P001,황리단길(출발지),,
P088,경주엑스포대공원,P002,금리단길(출발지),,
P088,경주엑스포대공원,P003,첨성대(출발지),,
P088,경주엑스포대공원,P004,교촌마을(출발지),,
P088,경주엑스포대공원,P005,987피자,,
P088,경주엑스포대공원,P006,료미,,
P088,경주엑스포대공원,P007,백년손님,,
P088,경주엑스포대공원,P008,백조식당,,
P088,경주엑스포대공원,P009,줄리스,,
P088,경주엑스포대공원,P010,포롱아밀 황남점,,
P088,경주엑스포대공원,P011,화양연화,,
P088,경주엑스포대공원,P012,료코,,
P088,경주엑스포대공원,P013,황남두꺼비식당 황남본점,,
P088,경주엑스포대공원,P014,피자옥,,
P088,경주엑스포대공원,P015,범외양간 황리단길본점,,
P088,경주엑스포대공원,P016,경주황소곱창 황리단길본점,,
P088,경주엑스포대공원,P017,메종드문,,
P088,경주엑스포대공원,P018,풍미갈비찜,,
P088,경주엑스포대공원,P019,황남갈비,,
P088,경주엑스포대공원,P020,타베르나,,
P088,경주엑스포대공원,P021,소나무 황리단길본점,,
P088,경주엑스포대공원,P022,오칼국수,,
P088,경주엑스포대공원,P023,황남거북이,,
P088,경주엑스포대공원,P024,그때그소간지,,
P088,경주엑스포대공원,P025,짚불함박,,
P088,경주엑스포대공원,P026,향밀,,
P088,경주엑스포대공원,P027,체크인치즈 황리단길점,,
P088,경주엑스포대공원,P028,황남역,,
P088,경주엑스포대공원,P029,황남양옥,,
P088,경주엑스포대공원,P030,대릉소반,,
P088,경주엑스포대공원,P031,미포기사식당,,
P088,경주엑스포대공원,P032,황리화덕가,,
P088,경주엑스포대공원,P033,향택 경주,,
P088,경주엑스포대공원,P034,무궁무진,,
P088,경주엑스포대공원,P035,노키,,
P088,경주엑스포대공원,P036,마카다,,
P088,경주엑스포대공원,P037,황리단 치킨,,
P088,경주엑스포대공원,P038,담요 따뜻한 손길,,
P088,경주엑스포대공원,P039,스컹크웍스,,
P088,경주엑스포대공원,P040,굿즈,,
P088,경주엑스포대공원,P041,샬로우커피 황리단길점,,
P088,경주엑스포대공원,P042,데어벤치,,
P088,경주엑스포대공원,P043,스위피,,
P088,경주엑스포대공원,P044,아르떼,,
P088,경주엑스포대공원,P045,키도트,,
P088,경주엑스포대공원,P046,후프후프,,
P088,경주엑스포대공원,P047,올리브,,
P088,경주엑스포대공원,P048,양지다방,,
P088,경주엑스포대공원,P049,미실카페,,
P088,경주엑스포대공원,P050,햇오프커피,,
P088,경주엑스포대공원,P051,비화커피,,
P088,경주엑스포대공원,P052,오버랩,,
P088,경주엑스포대공원,P053,주돈,,
P088,경주엑스포대공원,P054,서울뒷고기막창,,
P088,경주엑스포대공원,P055,옐라,,
P088,경주엑스포대공원,P056,대호당,,
P088,경주엑스포대공원,P057,사계돈,,
P088,경주엑스포대공원,P058,황오바오,,
P088,경주엑스포대공원,P059,시간의 여백,,
P088,경주엑스포대공원,P060,리커피하우스,,
P088,경주엑스포대공원,P061,로라커피,,
P088,경주엑스포대공원,P062,소담루,,
P088,경주엑스포대공원,P063,위주,,
P088,경주엑스포대공원,P064,크루그,,
P088,경주엑스포대공원,P065,나봉상점 경주점,,
P088,경주엑스포대공원,P066,연화,,
P088,경주엑스포대공원,P067,yesterday,,
P088,경주엑스포대공원,P068,진수성찬,,
P088,경주엑스포대공원,P069,베이글베이글러,,
P088,경주엑스포대공원,P070,경주 핑크뮬리(경주 핑크뮬리 군락지),,
P088,경주엑스포대공원,P071,경주 교촌마을,,
P088,경주엑스포대공원,P072,경주 황리단길,,
P088,경주엑스포대공원,P073,경주 계림,,
P088,경주엑스포대공원,P074,월정교,,
P088,경주엑스포대공원,P075,경주읍성,,
P088,경주엑스포대공원,P076,경주 첨성대,,
P088,경주엑스포대공원,P089,보문정(경주),,
P088,경주엑스포대공원,P090,신라왕경숲,,
P088,경주엑스포대공원,P091,경주 문무대왕릉,,
P089,보문정(경주),P001,황리단길(출발지),,
P089,보문정(경주),P002,금리단길(출발지),,
P089,보문정(경주),P003,첨성대(출발지),,
P089,보문정(경주),P004,교촌마을(출발지),,
P089,보문정(경주),P005,987피자,,
P089,보문정(경주),P006,료미,,
P089,보문정(경주),P007,백년손님,,
P089,보문정(경주),P008,백조식당,,
P089,보문정(경주),P009,줄리스,,
P089,보문정(경주),P010,포롱아밀 황남점,,
P089,보문정(경주),P011,화양연화,,
P089,보문정(경주),P012,료코,,
P089,보문정(경주),P013,황남두꺼비식당 황남본점,,
P089,보문정(경주),P014,피자옥,,
P089,보문정(경주),P015,범외양간 황리단길본점,,
P089,보문정(경주),P016,경주황소곱창 황리단길본점,,
P089,보문정(경주),P017,메종드문,,
P089,보문정(경주),P018,풍미갈비찜,,
P089,보문정(경주),P019,황남갈비,,
P089,보문정(경주),P020,타베르나,,
P089,보문정(경주),P021,소나무 황리단길본점,,
P089,보문정(경주),P022,오칼국수,,
P089,보문정(경주),P023,황남거북이,,
P089,보문정(경주),P024,그때그소간지,,
P089,보문정(경주),P025,짚불함박,,
P089,보문정(경주),P026,향밀,,
P089,보문정(경주),P027,체크인치즈 황리단길점,,
P089,보문정(경주),P028,황남역,,
P089,보문정(경주),P029,황남양옥,,
P089,보문정(경주),P030,대릉소반,,
P089,보문정(경주),P031,미포기사식당,,
P089,보문정(경주),P032,황리화덕가,,
P089,보문정(경주),P033,향택 경주,,
P089,보문정(경주),P034,무궁무진,,
P089,보문정(경주),P035,노키,,
P089,보문정(경주),P036,마카다,,
P089,보문정(경주),P037,황리단 치킨,,
P089,보문정(경주),P038,담요 따뜻한 손길,,
P089,보문정(경주),P039,스컹크웍스,,
P089,보문정(경주),P040,굿즈,,
P089,보문정(경주),P041,샬로우커피 황리단길점,,
P089,보문정(경주),P042,데어벤치,,
P089,보문정(경주),P043,스위피,,
P089,보문정(경주),P044,아르떼,,
P089,보문정(경주),P045,키도트,,
P089,보문정(경주),P046,후프후프,,
P089,보문정(경주),P047,올리브,,
P089,보문정(경주),P048,양지다방,,
P089,보문정(경주),P049,미실카페,,
P089,보문정(경주),P050,햇오프커피,,
P089,보문정(경주),P051,비화커피,,
P089,보문정(경주),P052,오버랩,,
P089,보문정(경주),P053,주돈,,
P089,보문정(경주),P054,서울뒷고기막창,,
P089,보문정(경주),P055,옐라,,
P089,보문정(경주),P056,대호당,,
P089,보문정(경주),P057,사계돈,,
P089,보문정(경주),P058,황오바오,,
P089,보문정(경주),P059,시간의 여백,,
P089,보문정(경주),P060,리커피하우스,,
P089,보문정(경주),P061,로라커피,,
P089,보문정(경주),P062,소담루,,
P089,보문정(경주),P063,위주,,
P089,보문정(경주),P064,크루그,,
P089,보문정(경주),P065,나봉상점 경주점,,
P089,보문정(경주),P066,연화,,
P089,보문정(경주),P067,yesterday,,
P089,보문정(경주),P068,진수성찬,,
P089,보문정(경주),P069,베이글베이글러,,
P089,보문정(경주),P070,경주 핑크뮬리(경주 핑크뮬리 군락지),,
P089,보문정(경주),P071,경주 교촌마을,,
P089,보문정(경주),P072,경주 황리단길,,
P089,보문정(경주),P073,경주 계림,,
P089,보문정(경주),P074,월정교,,
P089,보문정(경주),P075,경주읍성,,
P089,보문정(경주),P076,경주 첨성대,,
P089,보문정(경주),P090,신라왕경숲,,
P089,보문정(경주),P091,경주 문무대왕릉,,
P090,신라왕경숲,P001,황리단길(출발지),,
P090,신라왕경숲,P002,금리단길(출발지),,
P090,신라왕경숲,P003,첨성대(출발지),,
P090,신라왕경숲,P004,교촌마을(출발지),,
P090,신라왕경숲,P005,987피자,,
P090,신라왕경숲,P006,료미,,
P090,신라왕경숲,P007,백년손님,,
P090,신라왕경숲,P008,백조식당,,
P090,신라왕경숲,P009,줄리스,,
P090,신라왕경숲,P010,포롱아밀 황남점,,
P090,신라왕경숲,P011,화양연화,,
P090,신라왕경숲,P012,료코,,
P090,신라왕경숲,P013,황남두꺼비식당 황남본점,,
P090,신라왕경숲,P014,피자옥,,
P090,신라왕경숲,P015,범외양간 황리단길본점,,
P090,신라왕경숲,P016,경주황소곱창 황리단길본점,,
P090,신라왕경숲,P017,메종드문,,
P090,신라왕경숲,P018,풍미갈비찜,,
P090,신라왕경숲,P019,황남갈비,,
P090,신라왕경숲,P020,타베르나,,
P090,신라왕경숲,P021,소나무 황리단길본점,,
P090,신라왕경숲,P022,오칼국수,,
P090,신라왕경숲,P023,황남거북이,,
P090,신라왕경숲,P024,그때그소간지,,
P090,신라왕경숲,P025,짚불함박,,
P090,신라왕경숲,P026,향밀,,
P090,신라왕경숲,P027,체크인치즈 황리단길점,,
P090,신라왕경숲,P028,황남역,,
P090,신라왕경숲,P029,황남양옥,,
P090,신라왕경숲,P030,대릉소반,,
P090,신라왕경숲,P031,미포기사식당,,
P090,신라왕경숲,P032,황리화덕가,,
P090,신라왕경숲,P033,향택 경주,,
P090,신라왕경숲,P034,무궁무진,,
P090,신라왕경숲,P035,노키,,
P090,신라왕경숲,P036,마카다,,
P090,신라왕경숲,P037,황리단 치킨,,
P090,신라왕경숲,P038,담요 따뜻한 손길,,
P090,신라왕경숲,P039,스컹크웍스,,
P090,신라왕경숲,P040,굿즈,,
P090,신라왕경숲,P041,샬로우커피 황리단길점,,
P090,신라왕경숲,P042,데어벤치,,
P090,신라왕경숲,P043,스위피,,
P090,신라왕경숲,P044,아르떼,,
P090,신라왕경숲,P045,키도트,,
P090,신라왕경숲,P046,후프후프,,
P090,신라왕경숲,P047,올리브,,
P090,신라왕경숲,P048,양지다방,,
P090,신라왕경숲,P049,미실카페,,
P090,신라왕경숲,P050,햇오프커피,,
P090,신라왕경숲,P051,비화커피,,
P090,신라왕경숲,P052,오버랩,,
P090,신라왕경숲,P053,주돈,,
P090,신라왕경숲,P054,서울뒷고기막창,,
P090,신라왕경숲,P055,옐라,,
P090,신라왕경숲,P056,대호당,,
P090,신라왕경숲,P057,사계돈,,
P090,신라왕경숲,P058,황오바오,,
P090,신라왕경숲,P059,시간의 여백,,
P090,신라왕경숲,P060,리커피하우스,,
P090,신라왕경숲,P061,로라커피,,
P090,신라왕경숲,P062,소담루,,
P090,신라왕경숲,P063,위주,,
P090,신라왕경숲,P064,크루그,,
P090,신라왕경숲,P065,나봉상점 경주점,,
P090,신라왕경숲,P066,연화,,
P090,신라왕경숲,P067,yesterday,,
P090,신라왕경숲,P068,진수성찬,,
P090,신라왕경숲,P069,베이글베이글러,,
P090,신라왕경숲,P070,경주 핑크뮬리(경주 핑크뮬리 군락지),,
P090,신라왕경숲,P071,경주 교촌마을,,
P090,신라왕경숲,P072,경주 황리단길,,
P090,신라왕경숲,P073,경주 계림,,
P090,신라왕경숲,P074,월정교,,
P090,신라왕경숲,P075,경주읍성,,
P090,신라왕경숲,P076,경주 첨성대,,
P090,신라왕경숲,P091,경주 문무대왕릉,,
P091,경주 문무대왕릉,P001,황리단길(출발지),,
P091,경주 문무대왕릉,P002,금리단길(출발지),,
P091,경주 문무대왕릉,P003,첨성대(출발지),,
P091,경주 문무대왕릉,P004,교촌마을(출발지),,
P091,경주 문무대왕릉,P005,987피자,,
P091,경주 문무대왕릉,P006,료미,,
P091,경주 문무대왕릉,P007,백년손님,,
P091,경주 문무대왕릉,P008,백조식당,,
P091,경주 문무대왕릉,P009,줄리스,,
P091,경주 문무대왕릉,P010,포롱아밀 황남점,,
P091,경주 문무대왕릉,P011,화양연화,,
P091,경주 문무대왕릉,P012,료코,,
P091,경주 문무대왕릉,P013,황남두꺼비식당 황남본점,,
P091,경주 문무대왕릉,P014,피자옥,,
P091,경주 문무대왕릉,P015,범외양간 황리단길본점,,
P091,경주 문무대왕릉,P016,경주황소곱창 황리단길본점,,
P091,경주 문무대왕릉,P017,메종드문,,
P091,경주 문무대왕릉,P018,풍미갈비찜,,
P091,경주 문무대왕릉,P019,황남갈비,,
P091,경주 문무대왕릉,P020,타베르나,,
P091,경주 문무대왕릉,P021,소나무 황리단길본점,,
P091,경주 문무대왕릉,P022,오칼국수,,
P091,경주 문무대왕릉,P023,황남거북이,,
P091,경주 문무대왕릉,P024,그때그소간지,,
P091,경주 문무대왕릉,P025,짚불함박,,
P091,경주 문무대왕릉,P026,향밀,,
P091,경주 문무대왕릉,P027,체크인치즈 황리단길점,,
P091,경주 문무대왕릉,P028,황남역,,
P091,경주 문무대왕릉,P029,황남양옥,,
P091,경주 문무대왕릉,P030,대릉소반,,
P091,경주 문무대왕릉,P031,미포기사식당,,
P091,경주 문무대왕릉,P032,황리화덕가,,
P091,경주 문무대왕릉,P033,향택 경주,,
P091,경주 문무대왕릉,P034,무궁무진,,
P091,경주 문무대왕릉,P035,노키,,
P091,경주 문무대왕릉,P036,마카다,,
P091,경주 문무대왕릉,P037,황리단 치킨,,
P091,경주 문무대왕릉,P038,담요 따뜻한 손길,,
P091,경주 문무대왕릉,P039,스컹크웍스,,
P091,경주 문무대왕릉,P040,굿즈,,
P091,경주 문무대왕릉,P041,샬로우커피 황리단길점,,
P091,경주 문무대왕릉,P042,데어벤치,,
P091,경주 문무대왕릉,P043,스위피,,
P091,경주 문무대왕릉,P044,아르떼,,
P091,경주 문무대왕릉,P045,키도트,,
P091,경주 문무대왕릉,P046,후프후프,,
P091,경주 문무대왕릉,P047,올리브,,
P091,경주 문무대왕릉,P048,양지다방,,
P091,경주 문무대왕릉,P049,미실카페,,
P091,경주 문무대왕릉,P050,햇오프커피,,
P091,경주 문무대왕릉,P051,비화커피,,
P091,경주 문무대왕릉,P052,오버랩,,
P091,경주 문무대왕릉,P053,주돈,,
P091,경주 문무대왕릉,P054,서울뒷고기막창,,
P091,경주 문무대왕릉,P055,옐라,,
P091,경주 문무대왕릉,P056,대호당,,
P091,경주 문무대왕릉,P057,사계돈,,
P091,경주 문무대왕릉,P058,황오바오,,
P091,경주 문무대왕릉,P059,시간의 여백,,
P091,경주 문무대왕릉,P060,리커피하우스,,
P091,경주 문무대왕릉,P061,로라커피,,
P091,경주 문무대왕릉,P062,소담루,,
P091,경주 문무대왕릉,P063,위주,,
P091,경주 문무대왕릉,P064,크루그,,
P091,경주 문무대왕릉,P065,나봉상점 경주점,,
P091,경주 문무대왕릉,P066,연화,,
P091,경주 문무대왕릉,P067,yesterday,,
P091,경주 문무대왕릉,P068,진수성찬,,
P091,경주 문무대왕릉,P069,베이글베이글러,,
P091,경주 문무대왕릉,P070,경주 핑크뮬리(경주 핑크뮬리 군락지),,
P091,경주 문무대왕릉,P071,경주 교촌마을,,
P091,경주 문무대왕릉,P072,경주 황리단길,,
P091,경주 문무대왕릉,P073,경주 계림,,
P091,경주 문무대왕릉,P074,월정교,,
P091,경주 문무대왕릉,P075,경주읍성,,
P091,경주 문무대왕릉,P076,경주 첨성대,,